DataHora (GMT),DirVento (oNV ),Precipitacao (mm ),PressaoAtm (mB ),RadSolAcum (MJ/m2 ),TempAr (oC ),UmidRel (% ),VelVento (m/s )
DataHora (GMT),DirVento (oNV ),Precipitacao (mm ),PressaoAtm (mB ),RadSolAcum (MJ/m2 ),TempAr (oC ),UmidRel (% ),VelVento (m/s )
2017-01-01 21:00:00,117,0,989.2,1.9,34.6,27.2,2.6
2017-01-01 18:00:00,108,0,989.1,5.26,35.7,27.2,2.5
2017-01-01 15:00:00,111,0,992,6.55,35,30.4,2.6
2017-01-01 12:00:00,87,0,993.7,3.36,31.5,44.8,1.4
2017-01-01 09:00:00,57,0,992.1,0.06,25.3,78.4,0.8
2017-01-01 06:00:00,66,0,990.9,0,25.9,73.6,2.8
2017-01-01 03:00:00,60,0,991.7,0,26.7,67.2,5.2
2017-01-01 00:00:00,69,0,991.8,0,28.9,52.8,4.1
2016-12-31 21:00:00,108,0,989.4,1.98,34.5,20.8,2.9
2016-12-31 18:00:00,117,0,989.9,6.77,36,17.6,3.4
2016-12-31 15:00:00,117,0,992.4,7.18,34.9,24,2.4
2016-12-31 12:00:00,114,0,993.5,3.54,30.3,40,2.1
2016-12-31 09:00:00,66,0,992.4,0.06,24.5,83.2,0.2
2016-12-31 06:00:00,63,0,991,0,25.2,80,2.6
2016-12-31 03:00:00,57,0,991.7,0,25.8,75.2,3.4
2016-12-31 00:00:00,63,0,992.3,0,27.1,60.8,3.5
2016-12-30 21:00:00,69,0.2,990.6,1.31,28.2,57.6,5.5
2016-12-30 18:00:00,123,0,989.4,6.26,35,30.4,5.2
2016-12-30 15:00:00,126,0,992.6,5.54,33.5,41.6,3.9
2016-12-30 12:00:00,111,0,994.1,3.07,29.5,56,2.1
2016-12-30 09:00:00,93,0,991.9,0.08,23.4,84.8,0.2
2016-12-30 06:00:00,93,0,991.7,0,23.3,81.6,0.2
2016-12-30 03:00:00,81,0,992.6,0,24.1,76.8,0.1
2016-12-30 00:00:00,153,0.2,993.8,0,24.7,78.4,0.2
2016-12-29 21:00:00,120,0.6,991.9,2.12,25,81.6,4.5
2016-12-29 18:00:00,108,0,989.8,4.94,35.1,30.4,3.6
2016-12-29 15:00:00,126,0,992.6,5.54,33.5,41.6,3.9
2016-12-29 12:00:00,111,0,994.1,3.07,29.5,56,2.1
2016-12-29 09:00:00,93,0,991.9,0.08,23.4,84.8,0.2
2016-12-29 06:00:00,93,0,991.7,0,23.3,81.6,0.2
2016-12-29 03:00:00,81,0,992.6,0,24.1,76.8,0.1
2016-12-29 00:00:00,153,0.2,993.8,0,24.7,78.4,0.2
2016-12-28 21:00:00,120,0.6,991.9,2.12,25,81.6,4.5
2016-12-28 18:00:00,108,0,989.8,4.94,35.1,30.4,3.6
2016-12-28 15:00:00,108,0,992.7,5.74,33.5,33.6,3.2
2016-12-28 12:00:00,93,0,994,2.36,29.4,46.4,0.8
2016-12-28 09:00:00,69,0,992.6,0.06,24.6,67.2,0.9
2016-12-28 06:00:00,66,0,990.9,0,25.6,65.6,3.8
2016-12-28 03:00:00,63,0,991.4,0,26.6,70.4,5.5
2016-12-28 00:00:00,72,0,991.4,0,28.4,59.2,4.7
2016-12-27 21:00:00,96,0,988.9,1.74,34.2,28.8,3.4
2016-12-27 18:00:00,96,0,989.4,6.41,35.6,27.2,4.2
2016-12-27 15:00:00,111,0,992.6,6.61,34.6,33.6,3.9
2016-12-27 12:00:00,90,0,994.6,3.25,30,51.2,3.6
2016-12-27 09:00:00,72,0,992.7,0.04,24.4,80,2.5
2016-12-27 06:00:00,69,0,990.6,0,25.5,78.4,2.8
2016-12-27 03:00:00,69,0,991.5,0,26.7,68.8,3.9
2016-12-27 00:00:00,63,0,991.2,0,29.5,43.2,4.9
2016-12-26 21:00:00,93,51.6,988.7,1.87,33.6,28.8,3.2
2016-12-26 18:00:00,93,0,989.1,5.12,34.5,30.4,3.8
2016-12-26 15:00:00,96,0,991.8,5.47,33.1,35.2,4.6
2016-12-26 12:00:00,90,0,993.5,3.08,29.6,51.2,4.1
2016-12-26 09:00:00,69,0,991.6,0.07,25.1,78.4,2.5
2016-12-26 06:00:00,63,0,990,0,25.4,80,2.3
2016-12-26 03:00:00,159,409.4,990.6,12.28,12.2,67.2,23.4
2016-12-26 00:00:00,69,0,990.7,0,29,56,3.4
2016-12-25 21:00:00,153,0,988.6,1.31,32.5,38.4,0.6
2016-12-25 18:00:00,123,0,988.5,4.74,34.6,30.4,1.7
2016-12-25 15:00:00,108,0,991.1,5.3,32.3,40,2.9
2016-12-25 12:00:00,90,0,992.6,2.83,29.1,56,3.3
2016-12-25 09:00:00,69,0,990.8,0.07,25.1,78.4,2.9
2016-12-25 06:00:00,63,0,989.4,0,25.5,75.2,3.5
2016-12-25 03:00:00,63,0,989.9,0,26.7,68.8,5.1
2016-12-25 00:00:00,51,0,990.8,0,29,49.6,3.8
2016-12-24 21:00:00,120,0,988.4,1.55,33.3,30.4,0.8
2016-12-24 18:00:00,123,0,988.8,5.16,35.1,27.2,1.2
2016-12-24 15:00:00,126,0,991.4,5.65,33.3,33.6,1.9
2016-12-24 12:00:00,93,0,992.9,2.34,30,43.2,1.8
2016-12-24 09:00:00,48,0,991,0.05,24.8,68.8,0.1
2016-12-24 06:00:00,69,0,989.7,0,25,75.2,2.2
2016-12-24 03:00:00,63,0,989.6,0,26.5,68.8,5.4
2016-12-24 00:00:00,66,0,990.1,0,28.3,59.2,4
2016-12-23 21:00:00,102,0,988.1,1.15,33.5,30.4,2.8
2016-12-23 18:00:00,123,0,987.6,4.55,34.8,28.8,2.3
2016-12-23 15:00:00,135,0,990.4,6.25,34.4,32,2.4
2016-12-23 12:00:00,114,0,992.2,3.22,31,46.4,1
2016-12-23 09:00:00,69,0,990.9,0.08,24.4,84.8,0.4
2016-12-23 06:00:00,63,0,989.7,0,24.2,88,0.2
2016-12-23 03:00:00,60,0,990.7,0,25.2,84.8,0.5
2016-12-23 00:00:00,54,0.2,991.2,0,27.1,72,0.7
2016-12-22 21:00:00,111,0.6,989.5,0.71,28,68.8,1.7
2016-12-22 18:00:00,120,0,987.8,2.82,33.3,38.4,3.8
2016-12-22 15:00:00,117,0,989.9,3.88,32.9,38.4,4.2
2016-12-22 12:00:00,99,0,992.2,3.24,31.1,44.8,2.9
2016-12-22 09:00:00,75,0,991.2,0.1,25.6,76.8,1
2016-12-22 06:00:00,72,0,989.5,0,25.7,75.2,3.8
2016-12-22 03:00:00,66,0,990.6,0,26.3,70.4,5.4
2016-12-22 00:00:00,72,0,991.2,0,27.7,64,4.6
2016-12-21 21:00:00,96,0,989.1,1.81,32.7,30.4,3.9
2016-12-21 18:00:00,111,0,988.5,5.77,33.7,30.4,3.3
2016-12-21 15:00:00,99,0,990.3,5.05,32.2,38.4,3.1
2016-12-21 12:00:00,78,0,991.6,2.78,28.2,56,3.3
2016-12-21 09:00:00,72,0,990.7,0.08,24.8,76.8,1.7
2016-12-21 06:00:00,69,0,989.2,0,25.4,76.8,4.3
2016-12-21 03:00:00,72,0,990.1,0,26.1,72,5.2
2016-12-21 00:00:00,198,0,991.4,0,29,56,2.3
2016-12-20 21:00:00,207,0,989,0.94,31.5,40,1.7
2016-12-20 18:00:00,132,0,988.4,5.6,35.3,30.4,2.7
2016-12-20 15:00:00,132,0,990.7,6.12,31.7,38.4,3
2016-12-20 12:00:00,90,0,992.7,2.2,29.5,56,1
2016-12-20 09:00:00,0,0,991.5,0.07,25.2,81.6,0
2016-12-20 06:00:00,45,0,990.3,0,25.3,78.4,0.5
2016-12-20 03:00:00,66,0,991.3,0,26.3,70.4,2.3
2016-12-20 00:00:00,225,0,991.6,0,27.8,59.2,1.2
2016-12-19 21:00:00,162,0,989.9,1.18,29.8,49.6,0.6
2016-12-19 18:00:00,123,0,989.6,3.96,31.7,40,0.9
2016-12-19 15:00:00,135,0,991.9,4.14,30.2,49.6,1.7
2016-12-19 12:00:00,147,0,993.3,2.47,26.9,65.6,0.3
2016-12-19 09:00:00,123,0,992.4,0.02,21.4,91.2,0.3
2016-12-19 06:00:00,90,0.2,991.1,0,21,91.2,0.1
2016-12-19 03:00:00,75,11.2,992.2,0,21.2,91.2,3.8
2016-12-19 00:00:00,279,0,991.8,0,26.6,68.8,0.8
2016-12-18 21:00:00,243,0,990,0.68,27.7,62.4,0.6
2016-12-18 18:00:00,198,0,989.7,2.51,28.1,64,0.2
2016-12-18 15:00:00,147,0.2,992.7,2.27,26.4,73.6,0.2
2016-12-18 12:00:00,144,1.6,993.4,0.59,22.9,91.2,0.2
2016-12-18 09:00:00,162,10.2,992.3,0.01,22,91.2,1.5
2016-12-18 06:00:00,84,0,991,0,25.8,67.2,5.3
2016-12-18 03:00:00,75,0,991.4,0,26.4,65.6,6.5
2016-12-18 00:00:00,69,0,991.8,0,27.7,62.4,6.8
2016-12-17 21:00:00,105,0,988.9,0.55,31.1,46.4,2.1
2016-12-17 18:00:00,90,0,988.6,4.73,35,25.6,2.6
2016-12-17 15:00:00,105,0,991.3,6.79,34,27.2,2.6
2016-12-17 12:00:00,99,0,993.6,2.59,29.8,49.6,0.4
2016-12-17 09:00:00,78,0,992.6,0.05,24.8,78.4,0.2
2016-12-17 06:00:00,330,0,991.4,0,25.3,73.6,0.2
2016-12-17 03:00:00,306,0,992.5,0,26.2,65.6,0.3
2016-12-17 00:00:00,279,0,992.1,0,27.2,57.6,0.3
2016-12-16 21:00:00,150,0,991.5,0.58,28.7,51.2,0.2
2016-12-16 18:00:00,183,0,991.8,2.27,29.8,49.6,0.2
2016-12-16 15:00:00,108,0.4,994.3,1.76,27.2,65.6,0.2
2016-12-16 12:00:00,87,0.2,995,0.53,25.3,76.8,0.4
2016-12-16 09:00:00,78,0,993.4,0.01,25,76.8,2.9
2016-12-16 06:00:00,66,0,992.3,0,25.7,75.2,1.3
2016-12-16 03:00:00,66,0,993.1,0,26.2,72,4.2
2016-12-16 00:00:00,60,0,993.2,0,27.3,59.2,4.9
2016-12-15 21:00:00,114,0,991.1,0.55,31.6,33.6,0.1
2016-12-15 18:00:00,87,0,991,3.16,32.7,32,2
2016-12-15 15:00:00,87,0,992.9,3.79,31.5,36.8,4.3
2016-12-15 12:00:00,93,0.2,994.7,2.41,28.7,56,2.4
2016-12-15 09:00:00,75,1.6,993.5,0.08,23.8,89.6,0.3
2016-12-15 06:00:00,69,0,991.7,0,24.6,78.4,1.7
2016-12-15 03:00:00,63,0,992.4,0,25.5,72,4.6
2016-12-15 00:00:00,63,0,992.2,0,27.4,52.8,6.4
2016-12-14 21:00:00,81,0,989.7,0.78,31.9,33.6,3
2016-12-14 18:00:00,78,0,990,5.16,33.7,28.8,3.2
2016-12-14 15:00:00,81,0,992.8,5.27,33.4,32,2.7
2016-12-14 12:00:00,102,0,994.4,2.39,28.5,52.8,0.2
2016-12-14 09:00:00,75,0,992,0,24.9,72,3.5
2016-12-14 06:00:00,75,0,992,0,24.9,72,3.5
2016-12-14 03:00:00,69,0,992.2,0,25.9,68.8,5.2
2016-12-14 00:00:00,66,0,991.7,0,27.5,57.6,4.6
2016-12-13 21:00:00,63,0,989.3,0.66,30.7,44.8,3.2
2016-12-13 18:00:00,78,0,988.7,3.59,32.8,35.2,1.4
2016-12-13 15:00:00,78,0,991.7,4.09,31.6,40,3.4
2016-12-13 12:00:00,78,0,992.8,2.45,29.1,48,2.9
2016-12-13 09:00:00,84,0,991.8,0.04,24.6,78.4,4.8
2016-12-13 06:00:00,75,0,990.4,0,25.3,72,6
2016-12-13 03:00:00,69,0,991.3,0,25.9,70.4,7.7
2016-12-13 00:00:00,66,0,990.5,0,27.2,60.8,7.3
2016-12-12 21:00:00,81,0,987.7,1.36,32.7,38.4,2.5
2016-12-12 18:00:00,81,0,987.4,5.51,35.2,28.8,2.4
2016-12-12 15:00:00,78,0,990.7,5.24,33.5,33.6,2.1
2016-12-12 12:00:00,93,0,992.6,2.89,29.7,49.6,3.1
2016-12-12 09:00:00,78,0,991.7,0.08,25.1,78.4,3.4
2016-12-12 06:00:00,75,0,990.4,0,25.3,76.8,6
2016-12-12 03:00:00,72,0,991.5,0,25.9,72,7
2016-12-12 00:00:00,63,0,991.4,0,28.7,48,6.5
2016-12-11 21:00:00,75,0,989.5,1.52,32.1,36.8,5.1
2016-12-11 18:00:00,75,0,989.1,5.76,35.3,25.6,2.8
2016-12-11 15:00:00,84,0,992.2,6.13,34,32,3.4
2016-12-11 12:00:00,87,0,994.2,2.2,28.4,56,4.2
2016-12-11 09:00:00,75,0,992.6,0.1,25.4,78.4,3.1
2016-12-11 06:00:00,72,0,991.5,0,25.3,76.8,6.2
2016-12-11 03:00:00,66,0,992.7,0,26.1,72,6.2
2016-12-11 00:00:00,69,0,992.2,0,27.9,54.4,6.8
2016-12-10 21:00:00,78,0,989.2,1.56,33.4,32,2.6
2016-12-10 18:00:00,90,0,989.5,6.42,35.9,24,1.8
2016-12-10 15:00:00,93,0,991.8,5.35,33.7,33.6,2.2
2016-12-10 12:00:00,105,1.4,993.9,3.35,28.5,54.4,4
2016-12-10 09:00:00,72,0,992.5,0.02,25.4,76.8,4.2
2016-12-10 06:00:00,69,0,990.7,0,25.2,73.6,5.8
2016-12-10 03:00:00,66,0,991.7,0,25.9,72,7
2016-12-10 00:00:00,63,0,991.5,0,27.4,56,7.5
2016-12-09 21:00:00,84,0,988.5,1.63,34,27.2,1.8
2016-12-09 18:00:00,96,0,989.1,6.28,34.9,25.6,1.2
2016-12-09 15:00:00,78,0.2,991.9,4.94,33.4,33.6,1.4
2016-12-09 12:00:00,96,0.6,994.1,1.36,27.7,62.4,1.4
2016-12-09 09:00:00,81,0,992.7,0.1,25.3,78.4,4.5
2016-12-09 06:00:00,72,0,991.2,0,25.6,75.2,6.2
2016-12-09 03:00:00,66,0,991.9,0,26.1,72,7
2016-12-09 00:00:00,66,0,991.4,0,28.2,59.2,6.6
2016-12-08 21:00:00,93,0,989.1,1.61,34.3,28.8,2
2016-12-08 18:00:00,69,0,989.2,6.52,35.5,25.6,2
2016-12-08 15:00:00,90,0,991.8,6.97,33.5,33.6,3.1
2016-12-08 12:00:00,81,0,993.4,2.28,29.2,54.4,3
2016-12-08 09:00:00,75,0,993.1,0.05,24.9,81.6,2.4
2016-12-08 06:00:00,63,0,991.6,0,25.4,76.8,5.8
2016-12-08 03:00:00,63,0,991.6,0,26.1,70.4,7
2016-12-08 00:00:00,60,0,991.7,0,27.1,60.8,7.1
2016-12-07 21:00:00,81,0,989.2,1.22,34,32,3.7
2016-12-07 18:00:00,81,0,989.3,6.38,36,24,3
2016-12-07 15:00:00,93,0,991.9,6.72,34.1,33.6,4
2016-12-07 12:00:00,84,0,994,2.53,29.1,51.2,3.6
2016-12-07 09:00:00,78,0,992.9,0.11,25.2,78.4,4.3
2016-12-07 06:00:00,72,0,991.5,0,25.7,73.6,4.1
2016-12-07 03:00:00,69,0,992,0,26,73.6,6.8
2016-12-07 00:00:00,348,819,992.3,12.28,27.8,57.6,7.2
2016-12-06 21:00:00,75,0,990.6,1.49,31.9,40,5.9
2016-12-06 18:00:00,81,0,990.4,6.5,36,27.2,5.2
2016-12-06 15:00:00,78,0,992.9,5.75,33.8,35.2,4.8
2016-12-06 12:00:00,87,0,995.1,2.95,30.1,51.2,3.5
2016-12-06 09:00:00,72,0,993.9,0.06,25.5,78.4,3.7
2016-12-06 06:00:00,66,0,992.4,0,25.5,76.8,4.5
2016-12-06 03:00:00,69,0,992.8,0,26,72,5.6
2016-12-06 00:00:00,63,0,992.9,0,28,56,7.8
2016-12-05 21:00:00,69,0,990.1,1.67,32.2,36.8,6
2016-12-05 18:00:00,81,0,989.1,5.64,35.8,25.6,4.5
2016-12-05 15:00:00,84,0,991.5,7.16,34.6,30.4,5.4
2016-12-05 12:00:00,90,0,994.2,3.95,30.7,41.6,4.8
2016-12-05 09:00:00,72,0,993.6,0.08,25,80,2.4
2016-12-05 06:00:00,66,0,992.3,0,25.1,76.8,4.7
2016-12-05 03:00:00,69,0,992.5,0,25.7,72,6.9
2016-12-05 00:00:00,51,0,992.1,0,28.3,51.2,7.5
2016-12-04 21:00:00,84,0,989,5.87,35.9,22.4,2.8
2016-12-04 18:00:00,84,0,989,5.87,35.9,22.4,2.8
2016-12-04 15:00:00,87,0,991.3,7.4,33.4,33.6,3.6
2016-12-04 12:00:00,90,0,993.4,3.28,28.9,52.8,3.9
2016-12-04 09:00:00,81,0,992.6,0.11,24.6,76.8,1.7
2016-12-04 06:00:00,69,0,991.6,0,24.6,78.4,5.6
2016-12-04 03:00:00,63,0,992.2,0,25.5,72,7.1
2016-12-04 00:00:00,69,0,992.4,0,27.1,59.2,7.8
2016-12-03 21:00:00,93,204.8,989.9,1.33,32.3,36.8,3.3
2016-12-03 18:00:00,93,0,989.3,6.2,35.6,25.6,2.1
2016-12-03 15:00:00,78,0,991.7,6.44,33.4,30.4,3.2
2016-12-03 12:00:00,93,0,993.5,4.1,29.4,46.4,4.7
2016-12-03 09:00:00,78,0,992.9,0.13,25.1,67.2,4.8
2016-12-03 06:00:00,72,0,992.3,0,25.1,62.4,7
2016-12-03 03:00:00,69,0,992.4,0,26.3,68.8,6.9
2016-12-03 00:00:00,69,0,993.2,0,27.4,64,7.4
2016-12-02 21:00:00,135,0,990.3,1.8,35.4,20.8,1.7
2016-12-02 18:00:00,99,0,990.1,6.61,36.6,20.8,2.2
2016-12-02 15:00:00,114,0,993,6.7,35.3,30.4,2
2016-12-02 12:00:00,102,0,995,3.14,30.1,44.8,4.2
2016-12-02 09:00:00,84,0,994.1,0.04,25.4,68.8,4.6
2016-12-02 06:00:00,72,0,993.2,0,25.3,72,6.1
2016-12-02 03:00:00,69,0,993.2,0,25.5,72,6.7
2016-12-02 00:00:00,66,0,993,0,27.1,62.4,7.4
2016-12-01 21:00:00,87,0,990.3,1.56,33.8,32,3.5
2016-12-01 18:00:00,93,0,990.1,6.49,35.6,25.6,3.5
2016-12-01 15:00:00,96,0,992.8,6.18,33.5,33.6,5.9
2016-12-01 12:00:00,93,0,994.9,2.94,29.1,48,7.1
2016-12-01 09:00:00,93,0,993.9,0.14,25.5,70.4,4.4
2016-12-01 06:00:00,69,0,992.3,0,25.3,73.6,5.3
2016-12-01 03:00:00,69,0,992.5,0,25.3,72,6.3
2016-12-01 00:00:00,66,0,992.3,0,27.5,49.6,7.3
2016-11-30 21:00:00,87,0,989.4,1.25,33.5,33.6,2.6
2016-11-30 18:00:00,90,0,989.1,5.84,35.4,27.2,3.9
2016-11-30 15:00:00,102,0,993.7,2.05,29.2,51.2,4.8
2016-11-30 12:00:00,102,0,993.7,2.05,29.2,51.2,4.8
2016-11-30 09:00:00,81,0,992.4,0.17,25.3,80,4.9
2016-11-30 06:00:00,72,0,990.9,0,25.9,72,6.4
2016-11-30 03:00:00,66,0,991.6,0,26.1,72,7.3
2016-11-30 00:00:00,57,0,991.6,0,28.1,52.8,7.8
2016-11-29 21:00:00,87,0,988.7,1.49,34.6,27.2,2.8
2016-11-29 18:00:00,87,0,988.3,6.07,35.8,27.2,3.5
2016-11-29 15:00:00,75,0,990.8,7.22,34.3,33.6,4
2016-11-29 12:00:00,75,0,993.7,3.88,29.3,52.8,2.8
2016-11-29 09:00:00,75,0,992.2,0.13,24.7,75.2,1.4
2016-11-29 06:00:00,63,0,990.6,0,24.8,80,5
2016-11-29 03:00:00,60,0,991.2,0,25.8,70.4,5.9
2016-11-29 00:00:00,57,0,991.9,0,28.4,59.2,4.8
2016-11-28 21:00:00,111,0,989.2,1.69,34.4,22.4,2
2016-11-28 18:00:00,114,0,989.1,6.58,37.3,19.2,1.7
2016-11-28 15:00:00,111,0,992.1,6.86,34.2,28.8,2.4
2016-11-28 12:00:00,90,0,994.9,3.68,29.8,44.8,2.5
2016-11-28 09:00:00,69,0,993.3,0.14,24.5,78.4,0.7
2016-11-28 06:00:00,63,0,991.5,0,24.2,80,4.8
2016-11-28 03:00:00,60,0,992,0,25.5,70.4,6.5
2016-11-28 00:00:00,63,0,992.3,0,28.5,52.8,5.8
2016-11-27 21:00:00,90,0,989.7,1.61,34.4,24,4.3
2016-11-27 18:00:00,102,0,989,6.54,36.2,20.8,4.2
2016-11-27 15:00:00,117,0,991.7,7.44,34.9,22.4,3.9
2016-11-27 12:00:00,108,0,993.8,4.25,30.7,35.2,5.1
2016-11-27 09:00:00,84,0,992.7,0.17,24.6,62.4,2.4
2016-11-27 06:00:00,69,0,991.5,0,24.7,65.6,5.4
2016-11-27 03:00:00,69,0,991.8,0,25.7,67.2,7.6
2016-11-27 00:00:00,72,0.2,992.6,0,27.8,48,6.9
2016-11-26 21:00:00,105,0,989.3,1.61,34.2,19.2,2.7
2016-11-26 18:00:00,105,0,989.2,6.71,35.8,17.6,3.6
2016-11-26 15:00:00,111,0,991.7,7.57,34.9,24,3.9
2016-11-26 12:00:00,111,0,993.9,4.27,30.3,35.2,4.3
2016-11-26 09:00:00,78,0,993.2,0.16,25,62.4,3.1
2016-11-26 06:00:00,78,0,991.8,0,25.4,60.8,7
2016-11-26 03:00:00,69,0,991.7,0,26.1,68.8,6.6
2016-11-26 00:00:00,72,0,992.4,0,28.1,51.2,7.3
2016-11-25 21:00:00,114,0,989.3,1.63,34.9,20.8,4.2
2016-11-25 18:00:00,105,0,989,6.34,36.1,20.8,3.5
2016-11-25 15:00:00,87,0,992.4,7.28,34.6,30.4,5.6
2016-11-25 12:00:00,90,0,994.6,3.17,29.5,48,4.5
2016-11-25 09:00:00,81,0,993.8,0.14,24.2,78.4,2.4
2016-11-25 06:00:00,66,0,991.6,0,24.4,80,5.2
2016-11-25 03:00:00,69,0,992.6,0,25.6,70.4,6.8
2016-11-25 00:00:00,69,0,992.9,0,27.8,54.4,7.5
2016-11-24 21:00:00,81,0,990.1,1.56,33,33.6,5.4
2016-11-24 18:00:00,93,0,992.2,7.36,34.8,28.8,5.6
2016-11-24 15:00:00,93,0,992.2,7.36,34.8,28.8,5.6
2016-11-24 12:00:00,90,0,994.4,4.19,30.6,40,6.2
2016-11-24 09:00:00,72,0,993.2,0.16,24.5,76.8,2
2016-11-24 06:00:00,69,0,991.4,0,24.6,76.8,4.6
2016-11-24 03:00:00,66,0,991.3,0,25.8,68.8,6.2
2016-11-24 00:00:00,66,0,991.8,0,27.5,57.6,6.7
2016-11-23 21:00:00,87,0,989,1.52,33.1,32,4
2016-11-23 18:00:00,90,0,988.7,6.47,34.9,27.2,4.9
2016-11-23 15:00:00,84,0,991.4,6.23,33.3,32,5.2
2016-11-23 12:00:00,90,0,993.6,2.99,29.8,46.4,4.4
2016-11-23 09:00:00,78,0,993,0.16,24.4,78.4,1.7
2016-11-23 06:00:00,66,0,990.1,0,24.3,80,3.1
2016-11-23 03:00:00,66,0,990.9,0,25.7,70.4,5.9
2016-11-23 00:00:00,69,0,991.1,0,27.8,54.4,7.5
2016-11-22 21:00:00,75,0,988.7,1.62,32.7,40,3.2
2016-11-22 18:00:00,90,0,988.2,6.55,36.1,24,3.4
2016-11-22 15:00:00,90,0,990.6,7.5,34.8,27.2,3.5
2016-11-22 12:00:00,84,0,992.8,4.19,30,41.6,2.9
2016-11-22 09:00:00,0,0,992.1,0.14,24.3,68.8,0
2016-11-22 06:00:00,66,0,990.6,0,24.5,72,3.6
2016-11-22 03:00:00,69,0,990.5,0,25.6,68.8,5.6
2016-11-22 00:00:00,78,0,991.6,0,27.4,56,6.3
2016-11-21 21:00:00,105,0,989.8,1.36,33.4,25.6,3
2016-11-21 18:00:00,90,0,989.6,5.77,34.4,27.2,2.2
2016-11-21 15:00:00,93,0,991.8,6.68,33.3,32,4.8
2016-11-21 12:00:00,90,0,994.1,3.06,29.1,49.6,4.9
2016-11-21 09:00:00,78,0,992.8,0.16,24.4,78.4,2.8
2016-11-21 06:00:00,72,0,990.7,0,24.6,78.4,4.6
2016-11-21 03:00:00,69,0,991,0,25.2,75.2,6
2016-11-21 00:00:00,69,0,991.7,0,27.2,57.6,7.3
2016-11-20 21:00:00,78,0,988.8,1.12,32,36.8,5.2
2016-11-20 18:00:00,96,0,988.1,5.64,35.4,25.6,3.8
2016-11-20 15:00:00,87,0,990.3,4.61,33,35.2,3.4
2016-11-20 12:00:00,93,0,992.3,2.98,29,51.2,4.5
2016-11-20 09:00:00,75,0,991.2,0.14,25.4,73.6,2.8
2016-11-20 06:00:00,72,0,990.1,0,24.7,76.8,4.3
2016-11-20 03:00:00,75,0,990.1,0,25.3,68.8,5.8
2016-11-20 00:00:00,57,0,991.4,0,27.9,48,5.3
2016-11-19 21:00:00,57,0,988.7,0.58,30.9,41.6,3.4
2016-11-19 18:00:00,66,0,987.5,3.37,32.7,35.2,3.1
2016-11-19 15:00:00,84,0,990,5.77,32.8,35.2,5.1
2016-11-19 12:00:00,93,0,992.6,2.82,28.3,54.4,5.3
2016-11-19 09:00:00,72,0,991.5,0.05,24.7,75.2,2.3
2016-11-19 06:00:00,75,0,989.5,0,24.9,75.2,6.6
2016-11-19 03:00:00,72,0,989.5,0,25.6,73.6,7.3
2016-11-19 00:00:00,63,0,989.3,0,27.4,60.8,7.4
2016-11-18 21:00:00,75,0,986.1,1.6,33.9,28.8,1.4
2016-11-18 18:00:00,84,0,986,6.32,35.9,24,2.1
2016-11-18 15:00:00,99,0,988.7,7.24,33.8,30.4,2.9
2016-11-18 12:00:00,75,0,990.4,0.16,24.7,73.6,2.2
2016-11-18 09:00:00,75,0,990.4,0.16,24.7,73.6,2.2
2016-11-18 06:00:00,69,0,989.2,0,24.6,76.8,4.9
2016-11-18 03:00:00,69,0,990.3,0,25.6,72,6.4
2016-11-18 00:00:00,66,0,990.3,0,27.3,59.2,7.3
2016-11-17 21:00:00,75,0,987.9,1.49,31.9,36.8,4.9
2016-11-17 18:00:00,81,0,987.4,5.63,35.7,25.6,3.6
2016-11-17 15:00:00,81,0,990.4,5.64,33.7,33.6,4.2
2016-11-17 12:00:00,96,0,992.5,4.08,29.9,49.6,4.7
2016-11-17 09:00:00,75,0,992,0.08,24.6,81.6,1.7
2016-11-17 06:00:00,75,0,990.3,0,24.7,80,4.5
2016-11-17 03:00:00,75,0,991.6,0,25.6,73.6,5.8
2016-11-17 00:00:00,69,1.6,991.5,0,27.2,59.2,7.5
2016-11-16 21:00:00,75,0,988.7,1.32,31,41.6,6.6
2016-11-16 18:00:00,81,0,988,5.64,35.6,27.2,4.1
2016-11-16 15:00:00,78,0,990.5,5.27,33.7,33.6,3.5
2016-11-16 12:00:00,96,0,992.3,2.46,29.1,54.4,5.7
2016-11-16 09:00:00,81,0,991.1,0.08,25,78.4,2.5
2016-11-16 06:00:00,72,0,989.6,0,24.8,80,4.7
2016-11-16 03:00:00,63,0,990.5,0,25.7,70.4,4.9
2016-11-16 00:00:00,60,0,990.7,0,27.6,52.8,6.7
2016-11-15 21:00:00,69,0,987.6,1.24,31.5,38.4,6.3
2016-11-15 18:00:00,90,0,989.3,6.4,33.3,33.6,6
2016-11-15 15:00:00,90,0,989.3,6.4,33.3,33.6,6
2016-11-15 12:00:00,96,0,991.2,3.97,29.8,48,6
2016-11-15 09:00:00,75,0,990.9,0.16,24.8,75.2,2.8
2016-11-15 06:00:00,69,0,989.1,0,24.8,76.8,5.3
2016-11-15 03:00:00,63,0,989.5,0,25.7,70.4,6.4
2016-11-15 00:00:00,63,0,989.2,0,27.3,59.2,6.4
2016-11-14 21:00:00,105,0,986.6,1.39,32.7,36.8,2
2016-11-14 18:00:00,102,0,986.1,6.48,36.4,19.2,1.5
2016-11-14 15:00:00,99,0,988.5,7.48,34.7,25.6,1.3
2016-11-14 12:00:00,96,0,990.8,4.19,31,38.4,0.5
2016-11-14 09:00:00,0,0,990.2,0.16,24.6,73.6,0
2016-11-14 06:00:00,66,0,989.2,0,24.8,72,0.7
2016-11-14 03:00:00,63,0,989.5,0,25.8,67.2,4.1
2016-11-14 00:00:00,66,0,990,0,27.7,52.8,7.2
2016-11-13 21:00:00,96,0,987.1,1.42,34.4,22.4,0.4
2016-11-13 18:00:00,96,0,986.6,6.16,35.8,20.8,1.3
2016-11-13 15:00:00,96,0,989.9,7.43,34.2,27.2,3
2016-11-13 12:00:00,96,0,992.2,4.51,30.1,40,5
2016-11-13 09:00:00,72,0,990.9,0.2,24.6,72,0.6
2016-11-13 06:00:00,63,0,989.3,0,24.3,75.2,2.1
2016-11-13 03:00:00,60,0,990.1,0,25.4,68.8,4.6
2016-11-13 00:00:00,63,0,990.7,0,27.2,56,7.2
2016-11-12 21:00:00,72,0.2,988,1.25,31,40,5
2016-11-12 18:00:00,78,0,987,5.82,35,25.6,4.4
2016-11-12 15:00:00,87,0,989.9,7.16,33.6,30.4,5.5
2016-11-12 12:00:00,87,0.4,992.8,3.88,29.7,44.8,4.8
2016-11-12 09:00:00,72,0,991.5,0.18,24.2,78.4,0.2
2016-11-12 06:00:00,66,0,990.4,0,24.3,78.4,3.2
2016-11-12 03:00:00,66,0,990.5,0,25.5,70.4,5.6
2016-11-12 00:00:00,63,0,991.4,0,27.2,59.2,6.9
2016-11-11 21:00:00,78,0,988.5,1.46,32.1,38.4,3.8
2016-11-11 18:00:00,81,0,988.1,5.68,34.4,27.2,4.5
2016-11-11 15:00:00,84,0,990.9,5.51,31.9,36.8,6.2
2016-11-11 12:00:00,93,0,993.4,3.94,29.4,46.4,5.6
2016-11-11 09:00:00,78,0,993.3,0.17,24.2,67.2,1.1
2016-11-11 06:00:00,66,0,991.6,0,24.2,68.8,1.4
2016-11-11 03:00:00,63,0,992.6,0,25.5,67.2,5
2016-11-11 00:00:00,63,0,993.2,0,27.3,56,7
2016-11-10 21:00:00,81,0,990.7,0.76,31.9,43.2,3.9
2016-11-10 18:00:00,90,0,989.9,5.36,35,25.6,3.8
2016-11-10 15:00:00,90,0,992.8,5.71,33.5,32,4
2016-11-10 12:00:00,99,0,995.4,3.19,30,44.8,4
2016-11-10 09:00:00,75,0,994.6,0.11,24.6,72,1.6
2016-11-10 06:00:00,66,0,992.8,0,24.9,73.6,3.9
2016-11-10 03:00:00,66,0,993.1,0,25.9,68.8,5.8
2016-11-10 00:00:00,66,0.2,993.3,0,27.7,54.4,7.2
2016-11-09 21:00:00,96,0,991,0.91,32,40,2.3
2016-11-09 18:00:00,93,0,990.1,4.61,34.7,30.4,2.8
2016-11-09 15:00:00,99,0,992.7,4.42,33,35.2,3.5
2016-11-09 12:00:00,105,0,994.9,3.19,29.3,48,4.2
2016-11-09 09:00:00,78,0,994.3,0.14,25.6,68.8,4.9
2016-11-09 06:00:00,72,0,992.2,0,25.2,72,6.7
2016-11-09 03:00:00,66,0,992.3,0,26.2,70.4,7.3
2016-11-09 00:00:00,66,0,992.8,0,27.7,57.6,7.1
2016-11-08 21:00:00,84,0,989.9,1.51,33.7,28.8,3.8
2016-11-08 18:00:00,87,0,989.1,6.18,35.4,25.6,4
2016-11-08 15:00:00,102,0,991.9,7.27,34.3,30.4,3
2016-11-08 12:00:00,96,0,994.3,3.95,30.1,43.2,3.9
2016-11-08 09:00:00,78,0,993.4,0.12,25.2,65.6,3.9
2016-11-08 06:00:00,69,0,992.1,0,25,70.4,5.6
2016-11-08 03:00:00,69,0,991.6,0,25.8,72,7
2016-11-08 00:00:00,156,819,992,12.28,27.4,70.4,21.8
2016-11-07 21:00:00,90,0,989.8,1.52,33.4,35.2,4.2
2016-11-07 18:00:00,105,0,989.2,5.72,34.7,25.6,3.9
2016-11-07 15:00:00,114,0,991.9,7.39,35,27.2,3.1
2016-11-07 12:00:00,108,0,994.5,3.88,30.6,36.8,2.9
2016-11-07 09:00:00,75,0,993.6,0.1,25.1,62.4,3.1
2016-11-07 06:00:00,87,0,992.2,0,25.7,59.2,5.7
2016-11-07 03:00:00,66,0,991.7,0,26.5,64,6.2
2016-11-07 00:00:00,66,0,992.6,0.1,27.7,60.8,7.1
2016-11-06 21:00:00,108,0,990.1,1.48,34.4,24,4.2
2016-11-06 18:00:00,117,0,989.5,6.53,36.1,22.4,2.8
2016-11-06 15:00:00,120,0,992.3,7.63,34.5,25.6,3.8
2016-11-06 12:00:00,105,0,995.1,4.22,30.5,35.2,4.7
2016-11-06 09:00:00,75,0,994.2,0.16,25.1,59.2,3.6
2016-11-06 06:00:00,72,0,992.9,0,25,68.8,5
2016-11-06 03:00:00,63,0,993.6,0,26.4,65.6,6
2016-11-06 00:00:00,69,0,994.5,0,27.9,57.6,6.7
2016-11-05 21:00:00,105,0,991.3,1.52,34.2,25.6,4.8
2016-11-05 18:00:00,111,0,990.8,6.53,36.4,20.8,4.4
2016-11-05 15:00:00,117,0,993.7,7.6,35.1,25.6,4.4
2016-11-05 12:00:00,108,0,996,4.2,31.4,33.6,4.9
2016-11-05 09:00:00,87,0,995,0.14,26.3,49.6,4
2016-11-05 06:00:00,72,0,993.7,0,26.1,59.2,4.7
2016-11-05 03:00:00,66,0,993.5,0,26.8,65.6,6.7
2016-11-05 00:00:00,75,0,993.9,0,28.4,56,5.5
2016-11-04 21:00:00,114,0,991.2,1.43,34.9,24,3.3
2016-11-04 18:00:00,144,0,991.1,6.52,36.9,20.8,1.8
2016-11-04 15:00:00,135,0,996.6,4.14,31.3,35.2,3.6
2016-11-04 12:00:00,135,0,996.6,11.82,31.3,35.2,3.6
2016-11-04 09:00:00,78,204.8,995.9,0.13,26.8,51.2,3.6
2016-11-04 06:00:00,78,0,994,0,25.9,60.8,4.8
2016-11-04 03:00:00,66,0,993.8,0,26.7,65.6,5.8
2016-11-04 00:00:00,69,0,993.4,0,28,57.6,6.3
2016-11-03 21:00:00,102,0,991.2,1.12,34,25.6,4.3
2016-11-03 18:00:00,111,0,991.1,5.44,35.2,24,4.5
2016-11-03 15:00:00,108,0,993.5,7.51,34.7,28.8,5.8
2016-11-03 12:00:00,111,0,995.2,4.2,30.8,38.4,5.5
2016-11-03 09:00:00,72,0,994.8,0.16,25,62.4,1.7
2016-11-03 06:00:00,63,0,992.4,0,25.2,65.6,4.1
2016-11-03 03:00:00,66,0,992.1,0,26.6,64,6.3
2016-11-03 00:00:00,66,0,992.8,0,28,57.6,6.8
2016-11-02 21:00:00,111,0,990.3,1.12,34,27.2,5
2016-11-02 18:00:00,105,0,989.7,6.59,35.6,25.6,4.9
2016-11-02 15:00:00,111,0,992.3,7.79,33.9,28.8,5.9
2016-11-02 12:00:00,123,0,994.6,4.19,30.5,36.8,6.9
2016-11-02 09:00:00,90,0,994.1,0.16,25.9,49.6,2.6
2016-11-02 06:00:00,72,0,992.5,0,23.9,64,3.5
2016-11-02 03:00:00,66,0,992.7,0,26,59.2,4.5
2016-11-02 00:00:00,75,0,992.8,0,28.6,46.4,5.9
2016-11-01 21:00:00,105,0,990.1,1.42,33.6,24,5.5
2016-11-01 18:00:00,114,0.2,990.2,6.26,34.6,24,6.1
2016-11-01 15:00:00,114,0,992.5,6.76,33.8,25.6,6.8
2016-11-01 12:00:00,111,0,995,4.2,30.4,36.8,6.5
2016-11-01 09:00:00,78,0,993.3,0.16,24.4,65.6,3.7
2016-11-01 06:00:00,69,0,990.9,0,24.6,72,4.2
2016-11-01 03:00:00,66,0,991.1,0,25.7,65.6,5.3
2016-11-01 00:00:00,81,0,966.7,0,27.9,52.8,5.2
2016-10-31 21:00:00,117,0,990,1.33,33.5,24,4.6
2016-10-31 18:00:00,108,0,989.6,6.32,35.3,22.4,4.8
2016-10-31 15:00:00,114,0,992.3,7.82,33.9,27.2,5.3
2016-10-31 12:00:00,117,0,994.7,4.08,30.9,35.2,4.2
2016-10-31 09:00:00,69,0,993.2,0.13,24.9,72,2
2016-10-31 06:00:00,66,0,991.7,0,24.9,76.8,3.2
2016-10-31 03:00:00,60,0,991.9,0,25.5,73.6,6.5
2016-10-31 00:00:00,69,0,992.3,0,27.6,56,5.9
2016-10-30 21:00:00,102,0,989.9,1.25,34.2,25.6,2.5
2016-10-30 18:00:00,117,0,989.9,5.56,36,22.4,2.3
2016-10-30 15:00:00,120,0,993.1,5.56,34.1,28.8,3.3
2016-10-30 12:00:00,105,0,995.6,3.6,30.7,41.6,4.7
2016-10-30 09:00:00,81,0,995.1,0.05,24.7,76.8,3.5
2016-10-30 06:00:00,69,0,993.5,0,24.8,78.4,6
2016-10-30 03:00:00,66,0,993.4,0,25.4,70.4,6.1
2016-10-30 00:00:00,69,0.6,993.8,0,27.6,54.4,7.6
2016-10-29 21:00:00,81,0,990.9,1.4,32.6,35.2,5
2016-10-29 18:00:00,84,0,993.1,7.91,35.2,27.2,5.2
2016-10-29 15:00:00,84,0,993.1,7.91,35.2,27.2,5.2
2016-10-29 12:00:00,87,0,995.7,4.27,29.5,44.8,5.6
2016-10-29 09:00:00,78,0,994.9,0.16,24.5,70.4,4.7
2016-10-29 06:00:00,66,0,992.3,0,24.5,73.6,6.1
2016-10-29 03:00:00,66,0,993,0,25.4,72,6.5
2016-10-29 00:00:00,66,0,993.2,0,27.5,54.4,6.6
2016-10-28 21:00:00,114,0,990.4,1.48,32.7,35.2,4.4
2016-10-28 18:00:00,111,0,989.4,6.61,36,16,3.6
2016-10-28 15:00:00,102,0,991.9,7.98,34.3,25.6,4.8
2016-10-28 12:00:00,93,0.2,994.4,4.28,29.6,41.6,6.1
2016-10-28 09:00:00,75,0,993,0.16,24,67.2,5.7
2016-10-28 06:00:00,66,0,990.4,0,24.1,67.2,7
2016-10-28 03:00:00,66,0.2,991.1,0,25.4,62.4,6.9
2016-10-28 00:00:00,63,0,991.6,0,26.8,59.2,7.9
2016-10-27 21:00:00,96,0,988.8,1.43,32.3,36.8,4.6
2016-10-27 18:00:00,93,0,988.1,6.56,35.3,24,3.9
2016-10-27 15:00:00,105,0,991.1,7.82,33.4,28.8,4.5
2016-10-27 12:00:00,102,0,994.1,4.15,29.7,38.4,4.3
2016-10-27 09:00:00,66,0,989.2,0,24.1,62.4,5.9
2016-10-27 06:00:00,66,0,989.2,0,24.1,62.4,5.9
2016-10-27 03:00:00,63,0,989.5,0,25.7,67.2,6.3
2016-10-27 00:00:00,69,0,990,0,28,49.6,5.8
2016-10-26 21:00:00,102,0,987.8,1.5,33.9,22.4,4.8
2016-10-26 18:00:00,114,0,987.4,5.77,35.9,22.4,4.4
2016-10-26 15:00:00,117,0,990.5,7.27,34.7,28.8,4.7
2016-10-26 12:00:00,99,0,993.2,4.04,30.1,41.6,5.3
2016-10-26 09:00:00,75,0,992.2,0.12,25,65.6,3.8
2016-10-26 06:00:00,69,0,990.9,0,24.7,72,4.5
2016-10-26 03:00:00,66,0,991.4,0,25.5,68.8,6.1
2016-10-26 00:00:00,69,0,991.9,0,27.1,56,6.9
2016-10-25 21:00:00,120,0,988.8,1.46,34.2,24,2.6
2016-10-25 18:00:00,120,0,988.5,5.05,36.1,22.4,2.9
2016-10-25 15:00:00,111,0,991.1,7.81,34.1,28.8,4.2
2016-10-25 12:00:00,105,0,993.9,3.6,29.4,43.2,4.4
2016-10-25 09:00:00,81,0,992.8,0.12,24.1,70.4,1.7
2016-10-25 06:00:00,69,0,991.4,0,24.4,70.4,5.4
2016-10-25 03:00:00,66,0,992.2,0,25.3,70.4,6.5
2016-10-25 00:00:00,66,0,993.1,0,27.2,56,7.2
2016-10-24 21:00:00,108,0,990.3,1.33,33.5,22.4,3.2
2016-10-24 18:00:00,111,0,990.2,5.77,35.6,24,3
2016-10-24 15:00:00,108,0,992.5,6.88,34,28.8,3.9
2016-10-24 12:00:00,96,0,995.1,3.34,30,41.6,4.3
2016-10-24 09:00:00,78,0,994,0.13,24.9,68.8,4.1
2016-10-24 06:00:00,72,0,992,0,25.1,68.8,6.4
2016-10-24 03:00:00,63,0,992.2,0,25.6,68.8,7.2
2016-10-24 00:00:00,66,0,993.1,0,27.2,59.2,7.2
2016-10-23 21:00:00,120,0,990.7,1.5,34.3,19.2,4
2016-10-23 18:00:00,114,0,990.3,6.73,36.3,16,4.6
2016-10-23 15:00:00,108,0,992.9,7.91,33.8,24,5.3
2016-10-23 12:00:00,96,0,995.6,3.4,29.2,43.2,5.3
2016-10-23 09:00:00,75,0,994.6,0.11,24.5,62.4,2.9
2016-10-23 06:00:00,75,0,992.5,0,24.6,64,4.1
2016-10-23 03:00:00,66,0,992.2,0,25.4,70.4,6.4
2016-10-23 00:00:00,66,0,992.5,0,26.9,59.2,7.9
2016-10-22 21:00:00,93,0,990,1.37,32.3,40,5
2016-10-22 18:00:00,99,0,989.6,4.84,34.8,28.8,4.4
2016-10-22 15:00:00,90,0,991.6,6.32,33.8,33.6,5.1
2016-10-22 12:00:00,96,0,993.9,3.16,29.9,48,5.6
2016-10-22 09:00:00,81,0,993,0.08,25,70.4,5
2016-10-22 06:00:00,78,0,991.3,0,25.2,72,6.1
2016-10-22 03:00:00,72,0,991.9,0,25.8,72,6.9
2016-10-22 00:00:00,69,0,992.1,0,27,60.8,7.3
2016-10-21 21:00:00,81,0,989.3,1.15,32.1,36.8,4.9
2016-10-21 18:00:00,90,0,989,5.64,34.8,28.8,5
2016-10-21 15:00:00,84,0,991.7,4.28,32.4,38.4,5.8
2016-10-21 12:00:00,90,0,992.4,0.16,25.5,67.2,5.4
2016-10-21 09:00:00,90,0,992.4,0.16,25.5,67.2,5.4
2016-10-21 06:00:00,72,0,990.8,0,25,76.8,6
2016-10-21 03:00:00,72,0,991.3,0,25.4,72,7.1
2016-10-21 00:00:00,66,0,991.3,0,27,57.6,8.3
2016-10-20 21:00:00,75,0,988.5,1.3,31.9,38.4,4.8
2016-10-20 18:00:00,81,0,988.8,5.29,34.6,30.4,3.7
2016-10-20 15:00:00,84,0,990.8,7.64,33.9,33.6,4.6
2016-10-20 12:00:00,81,0,992.8,3.46,29.6,48,5.4
2016-10-20 09:00:00,66,0,992.8,0.12,25,68.8,3.5
2016-10-20 06:00:00,69,0,991.5,0,25,72,5.1
2016-10-20 03:00:00,69,0,991.5,0,25.8,72,7.4
2016-10-20 00:00:00,69,0,991.1,0,27.1,62.4,8.7
2016-10-19 21:00:00,93,0,988.2,1.54,32.9,40,3
2016-10-19 18:00:00,99,0,988,6.6,38.1,19.2,2.8
2016-10-19 15:00:00,111,0,990.3,7.87,35.3,28.8,3.6
2016-10-19 12:00:00,93,0,993.7,4.16,31.3,40,3.6
2016-10-19 09:00:00,75,0,993.4,0.13,24.5,75.2,2.5
2016-10-19 06:00:00,69,0,992,0,24.5,73.6,4.9
2016-10-19 03:00:00,69,0,992.8,0,25.6,70.4,6.8
2016-10-19 00:00:00,72,0,993.7,0,27.4,57.6,7.5
2016-10-18 21:00:00,102,0,991.1,1.52,34.4,20.8,2.9
2016-10-18 18:00:00,99,0,990.6,6.62,36.2,20.8,3.5
2016-10-18 15:00:00,105,0,993.1,8,34.8,25.6,4.3
2016-10-18 12:00:00,105,0,995.7,4.27,30.8,35.2,3.7
2016-10-18 09:00:00,75,0,995.1,0.14,24.4,60.8,3.3
2016-10-18 06:00:00,63,0,993.1,0,24.2,72,4.7
2016-10-18 03:00:00,60,0,993.4,0,25.5,70.4,6.5
2016-10-18 00:00:00,66,0,993.6,0,27.3,57.6,7.4
2016-10-17 21:00:00,111,0,990.6,1.51,34,22.4,3.5
2016-10-17 18:00:00,120,0,989.7,6.77,36.6,14.4,2.5
2016-10-17 15:00:00,147,0,992.8,8.09,34.6,20.8,2.8
2016-10-17 12:00:00,123,0,995.7,4.27,31.7,30.4,3.6
2016-10-17 09:00:00,63,0,994.2,0.14,24.5,62.4,3.3
2016-10-17 06:00:00,63,0,992.2,0,24.4,70.4,3.9
2016-10-17 03:00:00,60,0,992.4,0,25.4,70.4,5.8
2016-10-17 00:00:00,72,0,992.5,0,26.9,60.8,6.3
2016-10-16 21:00:00,120,0,989.3,1.51,34.3,22.4,3.5
2016-10-16 18:00:00,132,0,988.9,6.74,36.4,17.6,2.8
2016-10-16 15:00:00,153,0,992.1,8.06,34.5,22.4,3
2016-10-16 12:00:00,117,0,994.9,4.28,30.5,32,4.9
2016-10-16 09:00:00,66,0,993.6,0.14,24.8,59.2,3.7
2016-10-16 06:00:00,63,0,992.3,0,24.5,67.2,3.3
2016-10-16 03:00:00,60,0,993,0,25.8,65.6,5
2016-10-16 00:00:00,69,0,992.9,0,27.9,54.4,5.5
2016-10-15 21:00:00,123,0,990.2,1.46,34.7,20.8,3.6
2016-10-15 18:00:00,153,0,990,6.74,37.5,17.6,2.8
2016-10-15 15:00:00,126,0,993.2,7.99,34.8,25.6,4.4
2016-10-15 12:00:00,105,0,996,4.2,31.4,33.6,4.7
2016-10-15 09:00:00,60,0,995.2,0.13,25,59.2,3.3
2016-10-15 06:00:00,75,0,993.8,0,24.7,68.8,4.6
2016-10-15 03:00:00,60,0,993.8,0,26.1,65.6,5.3
2016-10-15 00:00:00,72,0,994.6,0,28.1,54.4,4.1
2016-10-14 21:00:00,120,0,992.2,1.38,33.1,27.2,3.5
2016-10-14 18:00:00,105,0,991.6,5.48,34.5,25.6,5
2016-10-14 15:00:00,111,0,994.3,5.72,32.7,32,5.8
2016-10-14 12:00:00,105,0,996.8,4.18,29.9,40,5.2
2016-10-14 09:00:00,75,0,996,0.14,23,67.2,3.3
2016-10-14 06:00:00,69,0,993.8,0,23.9,62.4,5.8
2016-10-14 03:00:00,69,0,994.8,0,25.4,60.8,5.9
2016-10-14 00:00:00,72,0,995.3,0,27.1,57.6,6.9
2016-10-13 21:00:00,102,0,992.1,1.46,31.7,41.6,5.6
2016-10-13 18:00:00,105,0,991.5,4.99,34.5,24,4.9
2016-10-13 15:00:00,108,0,994.3,5.32,32.5,32,6.1
2016-10-13 12:00:00,102,0,996.9,3.67,29.1,46.4,5.7
2016-10-13 09:00:00,84,0,995.4,0.16,24.4,67.2,4.7
2016-10-13 06:00:00,72,0,993.6,0,24.1,68.8,5.8
2016-10-13 03:00:00,69,0,993.8,0,25.5,67.2,6.8
2016-10-13 00:00:00,75,0,994.5,0,27.1,60.8,6.4
2016-10-12 21:00:00,123,0,991.9,1.21,32.1,32,5.7
2016-10-12 18:00:00,117,0.2,990.6,5.41,34.4,25.6,6.9
2016-10-12 15:00:00,126,0,992.7,6.98,33.8,25.6,6
2016-10-12 12:00:00,123,0,995.1,3.89,30.5,33.6,4.3
2016-10-12 09:00:00,87,0,993.6,0.14,25.4,51.2,3.3
2016-10-12 06:00:00,66,0,991.5,0,25.9,52.8,5.3
2016-10-12 03:00:00,66,0,991.5,0,25.9,59.2,5.3
2016-10-12 00:00:00,84,0,992,0,27.3,54.4,5.8
2016-10-11 21:00:00,117,0,989.6,1.49,34.1,19.2,5.7
2016-10-11 18:00:00,129,0,989,6.7,36.1,19.2,4.1
2016-10-11 15:00:00,141,0,992,8.09,35.4,22.4,4.3
2016-10-11 12:00:00,144,0,995.4,4.22,30.3,33.6,4.1
2016-10-11 09:00:00,99,0,994.1,0.12,24.8,51.2,5.3
2016-10-11 06:00:00,72,0,992.2,0,24.6,62.4,5.4
2016-10-11 03:00:00,66,0,992.6,0,25.8,65.6,6.2
2016-10-11 00:00:00,78,0,992.8,0,27.8,56,4.8
2016-10-10 21:00:00,105,0,990.4,1.46,34.1,20.8,5.3
2016-10-10 18:00:00,117,0,989.8,6.7,35.9,20.8,5.7
2016-10-10 15:00:00,123,0,992.9,8.05,35.1,20.8,6
2016-10-10 12:00:00,114,0,996,4.18,30,38.4,5.5
2016-10-10 09:00:00,90,0,994.9,0.12,24.4,62.4,4.2
2016-10-10 06:00:00,69,0,992.8,0,24.6,67.2,5.6
2016-10-10 03:00:00,66,0,993.4,0,25.3,70.4,6.9
2016-10-10 00:00:00,84,0,992.9,0,27.3,54.4,5.4
2016-10-09 21:00:00,96,0,990.5,6.79,35.5,20.8,4.4
2016-10-09 18:00:00,96,0,990.5,6.79,35.5,20.8,4.4
2016-10-09 15:00:00,93,0,993,7.92,33.5,28.8,6.4
2016-10-09 12:00:00,81,0.2,995.2,3.14,28.9,46.4,6.2
2016-10-09 09:00:00,78,0,994.6,0.06,23.5,80,2.8
2016-10-09 06:00:00,66,0,992.5,0,24.1,78.4,5.4
2016-10-09 03:00:00,69,0,993,0,25,75.2,6.5
2016-10-09 00:00:00,69,0,993.5,0,27.2,56,7
2016-10-08 21:00:00,66,0,990.5,1.43,31.4,36.8,6.5
2016-10-08 18:00:00,84,0.2,989.6,6.49,35,28.8,6.1
2016-10-08 15:00:00,84,0,992.3,6.84,33,33.6,6.6
2016-10-08 12:00:00,81,0,994.4,2.23,28,56,5
2016-10-08 09:00:00,75,0,993.1,0.06,23.9,80,4.6
2016-10-08 06:00:00,72,0,991.5,0,23.9,80,5.3
2016-10-08 03:00:00,72,0,991.2,0,24.6,72,6.7
2016-10-08 00:00:00,66,0,991.2,0,27.1,52.8,7.3
2016-10-07 21:00:00,75,0,988,1.44,32,33.6,6.4
2016-10-07 18:00:00,81,0,989.7,7.82,33.7,32,4.3
2016-10-07 15:00:00,81,0,989.7,7.82,33.7,32,4.3
2016-10-07 12:00:00,81,0,992.9,2.44,28.3,54.4,4.1
2016-10-07 09:00:00,75,0,992.3,0.1,24.3,81.6,3.5
2016-10-07 06:00:00,69,0,991.1,0,24.4,80,5.9
2016-10-07 03:00:00,69,0,991.7,0,25.2,73.6,6.3
2016-10-07 00:00:00,66,0,990.8,0,27.3,54.4,7.2
2016-10-06 21:00:00,63,0,988,1.26,32,35.2,4.8
2016-10-06 18:00:00,66,0,990.6,6.13,32.5,36.8,4.1
2016-10-06 15:00:00,66,0,990.6,6.13,32.5,36.8,4.1
2016-10-06 12:00:00,78,0,992.9,3.13,28,52.8,6.1
2016-10-06 09:00:00,75,0,991.8,0.1,24.4,75.2,4.5
2016-10-06 06:00:00,69,0,989.3,0,24.6,76.8,6.4
2016-10-06 03:00:00,72,0,989.7,0,25.5,68.8,7.3
2016-10-06 00:00:00,63,0,990.2,0,28.3,52.8,5.6
2016-10-05 21:00:00,87,0,987.7,1.51,34.7,20.8,2.2
2016-10-05 18:00:00,96,0,987.7,6.29,36.6,20.8,2.7
2016-10-05 15:00:00,84,0,990.5,7.99,34.8,27.2,3.9
2016-10-05 12:00:00,90,0,993.6,4.06,30.4,43.2,4.1
2016-10-05 09:00:00,66,0,992.8,0.11,24.2,80,2.9
2016-10-05 06:00:00,63,0,991.1,0,24.4,76.8,3.9
2016-10-05 03:00:00,66,0,991.6,0,26.1,59.2,4.9
2016-10-05 00:00:00,81,0,991.5,0,29.4,36.8,2.3
2016-10-04 21:00:00,111,0,989.9,1.21,32.6,27.2,4.4
2016-10-04 18:00:00,93,0,989.4,0.3,34.1,25.6,4.6
2016-10-04 15:00:00,0,0,850,0,0,,0
2016-10-04 12:00:00,0,0,856.4,0,0,,0
2016-10-04 09:00:00,0,0,953,0,0,,0
2016-10-04 06:00:00,0,0,850,0,0,,0
2016-03-12 18:00:00,132,3.2,850,0.31,0,,23.9
2016-03-12 15:00:00,123,10,850,0.29,0,,23.8
2016-03-12 12:00:00,264,448,926.8,3.26,1.2,20.8,28
2016-03-12 09:00:00,0,0,850,0,0,,0
2016-03-12 06:00:00,0,0,856.4,0,0,,0
2016-03-12 03:00:00,0,0,1002.8,0,0,,0
2016-03-12 00:00:00,0,0,850,0,0,,0
2016-03-11 18:00:00,0,0,854.4,0,16,,0
2016-03-11 15:00:00,0,0,850,0,0,,0
2016-03-11 12:00:00,0,0,856.4,0,0,,0
2016-03-11 09:00:00,0,0,953,0,0,,0
2016-03-11 06:00:00,0,0,850,0,0,,0
2016-03-05 15:00:00,0,0,926.8,0,1.2,,0
2016-03-05 12:00:00,294,333.8,914.3,0.01,13.6,30.4,28
2016-03-05 09:00:00,0,0,850,0,0,,0
2016-03-05 06:00:00,0,0,856.4,0,0,,0
2016-03-05 03:00:00,0,0,1002.8,0,0,,0
2016-03-05 00:00:00,0,0,850,0,0,,0
2016-03-04 18:00:00,102,628.2,854.4,0.78,35.2,17.6,34.8
2016-03-04 15:00:00,6,807.2,909,0.01,26.6,44.8,19.2
2016-03-04 12:00:00,0,0,908.3,0,13.7,,0
2016-03-04 09:00:00,0,0,850,0,0,,0
2016-03-04 06:00:00,0,0,856.4,0,0,,0
2016-03-04 03:00:00,0,0,953,0,0,,0
2016-03-04 00:00:00,0,0,850,0,0,,0
2016-03-03 18:00:00,48,419.2,926.8,10.46,1.2,20.8,12.8
2016-03-03 15:00:00,3,83.6,885.6,7.31,1.2,,33.4
2016-03-03 12:00:00,9,0.4,908,7.39,13.8,38.4,0
2016-03-03 09:00:00,0,0,850,0,0,,0
2016-03-03 06:00:00,0,0,856.4,0,0,,0
2016-03-03 03:00:00,0,0,953,0,0,,0
2016-03-03 00:00:00,0,0,850,0,0,,0
2016-03-02 18:00:00,100,287.6,851.8,3.46,4.7,67.2,0
2016-03-02 15:00:00,294,167.4,854.4,4.04,12.8,17.6,36.8
2016-03-02 12:00:00,102,487.2,907.7,0.01,13.8,44.8,21.6
2016-03-02 09:00:00,0,0,850,0,0,,0
2016-03-02 06:00:00,0,0,856.4,0,0,,0
2016-03-02 03:00:00,0,0,953,0,0,,0
2016-03-02 00:00:00,0,0,850,0,0,,0
2016-03-01 18:00:00,0,0,908,0,13.7,,0
2016-03-01 15:00:00,102,13.8,885.7,9.8,13.3,27.2,50.4
2016-03-01 12:00:00,9,1.2,914,10.96,39.3,30.4,39.2
2016-03-01 09:00:00,0,0,850,0,0,,0
2016-03-01 06:00:00,0,0,856.4,0,0,,0
2016-03-01 03:00:00,0,0,953,0,0,,0
2016-03-01 00:00:00,0,0,850,0,0,,0
2016-02-29 18:00:00,9,0.4,908.3,8.64,1,38.4,0
2016-02-29 15:00:00,0,0,918.7,0,39.2,,0
2016-02-29 12:00:00,99,0,995.5,4.67,32.6,33.6,2.5
2016-02-29 09:00:00,90,0,997.9,2.5,27.9,54.4,3.7
2016-02-29 06:00:00,78,0,995.6,0.04,24.1,70.4,4.3
2016-02-29 03:00:00,78,0,995,0,24.9,64,5.6
2016-02-29 00:00:00,0,0,850,0,0,,0
2016-02-28 18:00:00,168,544,926.8,5.09,1.2,38.4,0
2016-02-28 15:00:00,6,333.6,854.5,7.49,38.4,16,4
2016-02-28 12:00:00,0,0,914.3,0,13.7,,0
2016-02-28 09:00:00,0,0,850,0,0,,0
2016-02-28 06:00:00,0,0,856.4,0,0,,0
2016-02-28 03:00:00,0,0,953,0,0,,0
2016-02-28 00:00:00,0,0,850,0,0,,0
2016-02-27 18:00:00,0,0,854.4,0,,,0
2016-02-27 15:00:00,9,0.4,908.3,7.73,26.6,38.4,0
2016-02-27 12:00:00,100,288.8,851.6,3.3,0.7,70.4,0
2016-02-27 09:00:00,100,282.2,851.4,4.1,0.8,84.8,0
2016-02-27 06:00:00,100,282.2,852,4.36,2.1,62.4,0
2016-02-27 03:00:00,100,288.8,852.9,4.03,1.9,46.4,0
2016-02-26 18:00:00,198,269.8,854.4,2.51,,17.6,26.8
2016-02-26 15:00:00,93,160.8,869.3,1.42,36.3,28.8,16.3
2016-02-26 12:00:00,9,1.2,916.2,0,39.3,28.8,45.6
2016-02-26 09:00:00,0,0,851.8,7.14,38.8,14.4,31.6
2016-02-26 06:00:00,0,307.2,940.4,1.69,3.5,52.8,48.3
2016-02-26 03:00:00,288,19.2,971.7,5.4,,19.2,0
2016-02-25 18:00:00,0,111.4,885,12.28,1.5,57.6,3.9
2016-02-25 15:00:00,195,774.8,884.5,1.93,1.2,,32.4
2016-02-25 12:00:00,0,0,926.8,0,1.2,,0
2016-02-25 09:00:00,0,0,852.4,0,0,,0
2016-02-25 06:00:00,0,0,850,0,0,,0
2016-02-25 03:00:00,0,0,1003.6,0,0,,0
2016-02-24 18:00:00,0,0,918.3,0,13.8,,0
2016-02-24 15:00:00,117,0,993.2,7.64,33.6,27.2,5.2
2016-02-24 12:00:00,24,464,926.8,8.26,1.2,38.4,0
2016-02-24 09:00:00,66,287.8,852.4,7.9,0,,38.4
2016-02-24 06:00:00,216,138.2,850,3.19,5.3,,0
2016-02-24 03:00:00,15,315.2,1003.6,4.82,44,51.2,9.1
2016-02-24 00:00:00,0,0,850,0,0,,0
2016-02-23 18:00:00,294,577,885.9,3.47,0.5,27.2,21.6
2016-02-23 15:00:00,9,1.2,917.7,11.05,39.4,28.8,30.4
2016-02-23 12:00:00,294,257,882.6,10,,32,18.4
2016-02-23 09:00:00,192,460.8,915,1.64,14.3,99.2,31.6
2016-02-23 06:00:00,24,232.2,904.4,7.9,4.2,78.4,48.2
2016-02-23 03:00:00,252,423.8,916.3,4.37,8,28.8,21.8
2016-02-22 15:00:00,0,0,850,0,0,,0
2016-02-22 12:00:00,0,0,850,0,0,,0
2016-02-22 09:00:00,0,0,850,0,0,,0
2016-02-22 06:00:00,0,0,856.4,0,0,,0
2016-02-22 03:00:00,0,0,953,0,0,,0
2016-02-22 00:00:00,0,0,850,0,0,,0
2016-02-21 12:00:00,0,0,884.7,0,1.2,,0
2016-02-21 09:00:00,0,0,850,0,0,,0
2016-02-21 06:00:00,0,0,856.4,0,0,,0
2016-02-21 03:00:00,0,0,953,0,0,,0
2016-02-21 00:00:00,0,0,850,0,0,,0
2016-02-20 12:00:00,294,218.6,885.7,9.49,0.5,27.2,44
2016-02-20 09:00:00,0,0,850,0,0,,0
2016-02-20 06:00:00,0,0,856.4,0,0,,0
2016-02-20 03:00:00,0,0,953,0,0,,0
2016-02-20 00:00:00,0,0,850,0,0,,0
2016-02-18 12:00:00,0,0,926.8,0,1.2,,0
2016-02-18 09:00:00,198,551.2,914.3,0.01,13.7,28.8,16.8
2016-02-18 06:00:00,93,0,995.6,3.35,30.9,43.2,4.4
2016-02-18 03:00:00,87,0,997.4,1.44,26.9,60.8,4
2016-02-18 00:00:00,6,154.4,854.5,11.92,22.4,16,0
2016-02-17 21:00:00,168,448,926.8,2.02,1.2,20.8,14.8
2016-02-17 18:00:00,66,289.6,852.4,8.82,0,49.6,14.6
2016-02-17 15:00:00,0,0,850,0,0,,0
2016-02-17 12:00:00,6,487.2,914,0.01,26.5,25.6,41.6
2016-02-17 09:00:00,90,0,995.7,4.44,31.5,41.6,2.5
2016-02-17 06:00:00,216,547.2,926.8,3.65,1.2,38.4,0
2016-02-17 03:00:00,294,512.8,854.5,2.7,,16,18
2016-02-17 00:00:00,201,1.2,885.8,0.01,1.2,38.4,0
2016-02-16 21:00:00,51,1.2,879.7,6.16,1.2,,0
2016-02-16 18:00:00,0,0,850,0,0,,0
2016-02-16 15:00:00,0,0,856.4,0,0,,0
2016-02-16 12:00:00,0,0,953,0,0,,0
2016-02-16 09:00:00,0,0,850,0,0,,0
