TestEMA01,TestEMA03,TestEMA05,TestEMA07,PredEMA01,PredEMA03,PredEMA05,PredEMA07
6.460000464922187,7.159999595479637,8.210000037802759,9.110000038214029,8.151974,5.801809,6.417309,6.956109
6.760000261141358,7.829999797739818,8.800000517733439,9.310000304050751,8.152815,6.226777,7.1053376,7.6338987
6.960000125287473,8.119999646644267,8.800000517733439,8.950000224299735,8.154043,6.867461,7.614564,8.231017
6.690000489828733,6.979999865692844,6.550000024653973,5.700000058151783,8.155344,7.399205,7.880703,8.290337
6.809999925280363,7.250000099930919,7.229999998356401,7.24000017777831,8.154691,7.531368,7.752221,7.972054
6.770000314728168,7.000000119917104,6.810000169290617,6.650000157840555,8.152701,7.575778,7.8432302,8.174874
6.900000407561658,7.300000095933683,7.409999643339186,7.600000257529326,8.153885,7.5392847,7.820828,7.9587054
7.150000539641824,7.929999789745345,8.399999991782009,8.859999872066076,8.152582,7.5676565,7.791855,8.100424
7.4300002286873745,8.549999996002763,9.199999728806294,9.660000270821165,8.154019,7.698696,7.912753,8.364105
7.460000389447806,8.289999888876817,8.450000221885759,8.290000078089538,8.155217,7.8433576,8.172599,8.430244
7.469999839239568,8.089999904865765,8.029999735380686,7.809999971754848,8.157189,7.8689117,8.087018,8.198189
7.670000307180731,8.479999745775741,8.710000366522403,8.919999885357912,8.160017,7.9204106,7.852371,8.089036
7.949999996226281,9.090000464478916,9.609999906314902,10.029999798960976,8.163251,8.070588,7.9683948,8.331735
7.980000156986713,8.85000061157723,8.949999893166115,8.820000084735456,8.167319,8.255331,8.169143,8.43466
7.840000614361461,8.14999938842277,7.730000327076046,7.199999725855878,8.170043,8.268128,8.1540985,8.5729885
7.829999956979603,8.039999908863,7.760000596626153,7.619999818898732,8.172719,8.223785,8.093148,8.401968
7.480000496621427,6.920000382135838,6.030000392819974,5.300000191070145,8.175284,8.2494755,8.049828,8.338332
6.950000071700662,5.500000239834208,4.119999886591723,3.130000098027292,8.175265,8.053406,7.7738614,7.4853373
6.890000353974847,5.740000092735894,5.210000037802759,5.350000091381374,8.171487,7.6472664,7.0049086,6.581291
6.900000407561658,6.119999806533739,6.09999992603808,6.50000045690687,8.168488,7.307909,6.6610165,6.515943
6.740000153967737,5.869999826519924,5.700000057525938,5.660000270821163,8.167666,7.0275874,6.6339054,6.5329123
6.890000353974847,6.6000001518949984,7.000000123269866,7.510000569887478,8.164496,6.7379694,6.4070287,6.479794
7.039999950186909,7.139999980813263,7.700000057525938,8.130000264175244,8.165795,6.710153,6.4762616,7.0129914
6.679999832446875,6.019999814528213,5.550000024653973,4.820000417031362,8.166064,6.9298835,6.9581075,7.483858
6.79000042190179,6.550000155892235,6.680000096972295,6.909999772377304,8.165535,6.762688,6.8337693,6.8805637
6.590000557755675,6.029999941640343,5.739999978633223,5.429999998338521,8.166082,6.6430564,6.876285,7.3365607
6.710000597002354,6.560000283004364,6.770000248183331,7.090000476844624,8.167585,6.702205,6.9261446,7.404335
6.850000139627605,7.019999734583477,7.430000261332115,7.800000523366051,8.167506,6.8857064,7.339835,7.5909243
6.90999985735342,7.1299998537011335,7.419999952335652,7.520000018276275,8.169784,6.9897738,7.494571,7.877474
7.080000164534151,7.570000330171759,8.010000432266331,8.27999996510893,8.170946,7.190407,7.568796,7.948642
6.8400006898358425,6.710000271012654,6.349999761678259,5.770000184424228,8.172689,7.4609056,7.783218,8.170078
6.170000118494778,4.760000426904889,3.2800002284601524,1.869999985046684,8.174162,7.3037415,7.5298867,7.6969566
6.070000186421721,4.860000099131472,4.190000077249116,4.130000264175245,8.169679,6.813268,6.8349366,6.284662
6.460000464922187,6.400000167883945,7.090000274480903,8.24000017777831,8.165401,6.4580674,6.4944468,6.0632772
6.570000450582055,6.760000267015418,7.349999761678259,7.790000410385443,8.163592,6.4045634,6.8456416,7.1676803
6.8400006898358425,7.489999952832606,8.270000576902975,8.779999632813025,8.163293,6.583968,7.1123075,7.478341
7.139999882259966,8.22000027820768,9.090000274480902,9.560000470198707,8.1643095,6.789123,7.317364,8.085118
7.420000175100564,8.720000238235313,9.490000142993043,9.800000523366052,8.167411,7.1400065,7.773601,8.31066
7.450000335860995,8.410000135106603,8.600000254757724,8.329999865420158,8.1682,7.597301,8.123414,8.368414
7.120000378881393,7.150000107925393,6.399999991782009,5.4400001113191285,8.168899,7.8135,8.041963,8.382402
7.269999975093454,7.589999944838132,7.50000045198951,7.650000157840555,8.169931,7.8401303,7.768911,8.051384
7.580000428694484,8.430000389330864,8.949999893166115,9.580000031568112,8.16942,7.9747367,7.9965405,8.024156
7.840000614361461,8.960000091137,9.569999985207616,10.010000237591573,8.1710615,8.103394,8.045272,8.344795
8.10000080002844,9.390000440495497,9.989999814273402,10.27999996510893,8.172434,8.234172,8.14914,8.659595
8.310000717761364,9.63000029339718,10.090000274480902,10.229999400205893,8.176956,8.40437,8.314392,8.784558
7.980000156986713,8.239999892874055,7.550000024653973,6.570000583179314,8.181189,8.482744,8.39422,8.792397
7.440000282274185,6.550000155892235,5.07000031392726,3.790000078089538,8.18316,8.328947,8.286938,8.204104
7.590000482281295,7.26000022704305,6.989999814273402,7.37000031734259,8.181787,8.043322,7.6989923,7.4368463
7.880000224913656,8.229999765761924,8.739999978633223,9.560000470198707,8.185839,7.9147105,7.4848843,7.627798
8.09000014264658,8.760000107125945,9.3699997222319,9.869999985046684,8.190394,7.9575534,7.8677626,7.995574
8.279999953205884,9.130000333369548,9.689999748529472,9.960000337280343,8.194222,8.086687,7.947502,8.49394
8.510000581907478,9.5699995307244,10.140000504584654,10.41000010467321,8.200832,8.15786,8.056579,8.698482
8.479999817351999,9.160000075148051,9.170000116695473,8.859999872066076,8.20625,8.269226,8.3617735,8.776568
8.740000003018976,9.739999772956953,10.140000504584654,10.430000330634426,8.210608,8.354412,8.33221,8.572515
8.479999817351999,8.649999348450404,8.119999886591723,7.399999991692602,8.216429,8.485461,8.375505,8.754893
8.600000460393725,8.960000091137,8.90999997205883,9.010000237591573,8.220494,8.546226,8.314576,8.577747
8.750000056605785,9.310000702714229,9.50000045198951,9.77000084901604,8.226106,8.590447,8.3119,8.597763
8.750000056605785,9.12000020625742,9.100000583477367,9.02000035057218,8.232299,8.56611,8.359943,8.700522
8.960000578133759,9.660000035175685,10.000000123269867,10.339999978400764,8.237004,8.642475,8.31601,8.74561
9.040000403033195,9.670000162287812,9.85000074783719,9.8900002110079,8.24177,8.693898,8.424646,8.909353
9.080000013585389,9.62000016628505,9.680000754411582,9.619999818898732,8.247612,8.579145,8.52528,8.817028
9.069999959998578,9.430000309386129,9.34000011012108,9.18999961287527,8.251554,8.54171,8.52406,8.817068
9.14000033510625,9.510000047167392,9.520000412543151,9.550000357218098,8.257627,8.557641,8.461576,8.778906
8.590000406806913,7.770000314182812,6.6100005637541885,5.449999892003831,8.263437,8.601562,8.451274,8.789291
8.2500003962405,7.000000119917104,5.900000320501652,5.280000297404835,8.267005,8.518267,8.167601,8.0229
7.860000117740034,6.190000056760763,5.09999992603808,4.590000144548719,8.26845,8.211119,7.6893363,7.6350403
7.890000278500466,6.790000008793921,6.650000484861474,7.120000151194637,8.268694,7.7758617,7.2645574,7.1608405
7.730000024906546,6.640000020785632,6.47999983399658,6.5500003572180985,8.268613,7.4663806,7.290929,7.3814645
7.480000496621427,6.210000310985023,5.8400004388407245,5.600000257529326,8.2674055,7.03416,7.2120795,7.3698506
7.730000024906546,7.3500000919364465,7.920000281055295,8.680000496782379,8.266103,6.742192,6.962076,6.9226403
8.050000532094385,8.410000135106603,9.409999643339187,10.229999400205893,8.26413,6.929113,7.3401823,7.265146
7.690000414354352,7.23999997281879,6.949999893166116,6.219999951817094,8.265292,7.275485,7.4906263,7.923102
7.840000614361461,7.829999797739818,8.079999965484438,8.310000304050753,8.263989,7.336733,7.283092,7.7676945
7.920000439260898,8.060000163087262,8.34000011012108,8.510000569887477,8.2650795,7.5732427,7.559373,8.141844
7.960000049813091,8.130000413314285,8.31999949212815,8.35999953977017,8.264173,7.7435546,7.8796453,8.441756
7.610000589454915,7.039999988807737,6.409999643339186,5.660000270821163,8.263349,7.7995877,8.189345,8.463166
7.910000385674087,8.109999519532138,8.499999794550222,9.120000151194636,8.261497,7.67548,7.909634,8.289012
8.190000074719638,8.890000480467862,9.600000254757724,10.229999400205893,8.262765,7.811206,8.0742445,8.504539
8.27000050341412,8.920000222246365,9.300000189013796,9.37000031734259,8.2628,8.043261,8.397108,8.596284
8.500000528320667,9.420000182273998,9.949999893166115,10.229999400205893,8.262824,8.133166,8.326343,8.680534
8.560000849841531,9.329999677822714,9.53000006410033,9.439999779023225,8.265154,8.250143,8.321145,8.798141
8.08000008905977,7.639999940840895,6.6100005637541885,5.4200002176538185,8.266818,8.40624,8.472827,8.766054
8.210000181893259,8.170000282204917,8.010000432266331,8.209999838836486,8.266159,8.26467,8.145416,8.151232
8.470000367560235,8.960000091137,9.399999991782009,10.02000035057218,8.266471,8.161531,8.078096,8.171674
8.460000313973426,8.789999848904449,8.899999663062365,8.8900002110079,8.266852,8.24981,8.210642,8.70346
8.68000028529316,9.329999677822714,9.750000287629687,10.090000476844624,8.26731,8.298681,8.285176,8.69679
8.729999949432164,9.289999808932082,9.47999983399658,9.470000117965046,8.268896,8.281202,8.396412,8.769801
8.619999963772297,8.789999848904449,8.540000373096795,8.159999938525257,8.268727,8.415033,8.420817,8.68522
8.710000446053591,9.029999701806137,9.069999656487973,9.170000051505866,8.267825,8.499353,8.312104,8.527789
8.760000713987644,9.0799996978089,9.130000195588188,9.18999961287527,8.2682905,8.447495,8.291988,8.388745
8.510000581907478,8.22000027820768,7.670000445415117,7.099999925233421,8.269139,8.535412,8.15161,8.538572
8.479999817351999,8.210000151095551,7.929999932612473,7.869999985046684,8.267802,8.51877,8.099527,8.369591
8.580000353220104,8.600000631563413,8.720000675518868,9.010000237591573,8.267983,8.345338,8.070192,8.36324
8.729999949432164,9.049999956030396,9.409999643339187,9.77000084901604,8.267927,8.318158,8.086399,8.408529
8.870000095852465,9.359999419601218,9.750000287629687,10.000000124610963,8.268646,8.362131,8.230597,8.61926
9.080000013585389,9.850000531632492,10.380000031228366,10.700000058151783,8.269627,8.392654,8.328972,8.822508
8.810000981921696,8.819999590682952,8.39000034022483,7.689999945171175,8.272998,8.486399,8.456728,8.854411
8.870000095852465,8.989999832915503,8.890000668944475,8.8900002110079,8.273576,8.430677,8.386411,8.583994
9.090000670967248,9.63000029339718,10.000000123269867,10.439999779023225,8.276104,8.44244,8.3008795,8.671888
9.289999931318311,10.069999490752034,10.550000024653974,10.899999659396697,8.27913,8.596959,8.443454,8.741976
9.029999745651336,9.029999701806137,8.569999985207616,7.8900002110079,8.281857,8.737254,8.526612,8.936477
8.740000003018976,8.180000409317048,7.389999682785544,6.710000171132392,8.283595,8.628638,8.427825,8.861762
8.660000178119539,8.100000671535781,7.640000175865009,7.540000244237491,8.285334,8.452887,8.323616,8.519096
8.750000056605785,8.549999996002763,8.620000215311366,8.97999989864975,8.285584,8.35525,8.177291,8.266351
8.920000363786517,9.100000591591044,9.510000103546687,9.970000450260953,8.286363,8.246923,8.200843,8.370014
9.11000017434582,9.609999399615036,10.159999807699007,10.550000357218098,8.287395,8.289576,8.269748,8.615253
9.040000403033195,9.279999681819952,9.329999801124616,9.120000151194636,8.289844,8.44162,8.32185,8.764299
9.149999784898014,9.520000813837411,9.710000366522404,9.800000523366052,8.291365,8.394249,8.351304,8.716482
9.279999877731504,9.789999768959714,10.06000066237008,10.220000616408903,8.293091,8.477348,8.412805,8.736603
9.300000588700172,9.699999904066315,9.779999899740508,9.720000284113,8.294976,8.635529,8.410373,8.863633
9.370000360012796,9.789999768959714,9.890000668944475,9.909999772377304,8.296347,8.671988,8.526935,8.908559
9.520000560019907,10.120000126312682,10.39000034022483,10.600000257529327,8.29786,8.6856575,8.6011,8.985169
9.590000331332533,10.149999868091186,10.300000189013796,10.31999975243955,8.299876,8.7420635,8.649796,9.034843
9.440000131325425,9.529999661833768,9.199999728806294,8.77000084901604,8.301815,8.8049555,8.670013,9.061355
9.560000774367149,9.850000531632492,9.899999663062363,10.050000024922191,8.303082,8.817218,8.622892,8.907075
9.530000009811667,9.689999776954188,9.600000254757724,9.520000682868083,8.304883,8.842845,8.584413,8.846701
9.440000131325425,9.359999419601218,9.100000583477367,8.880000098027292,8.305553,8.810487,8.560597,8.804504
9.450000184912234,9.430000309386129,9.350000419117546,9.380000430323198,8.30652,8.701258,8.464229,8.801538
9.619999888297915,9.93000026941376,10.220000346799225,10.580000031568112,8.308142,8.643701,8.418182,8.790285
9.399999916978182,9.170000202260182,8.810000826729903,8.35999953977017,8.309975,8.686468,8.518443,8.880582
9.100000724554056,8.33999988487958,7.6100005637541885,6.9900000116303564,8.310075,8.654757,8.474938,8.702137
9.200000052832069,8.870000226243603,8.85000074783719,9.170000051505866,8.310396,8.488931,8.216031,8.406671
9.390000467186418,9.539999788945895,9.979999505276936,10.520000682868083,8.310896,8.376934,8.215654,8.488842
9.530000009811667,9.92000014230163,10.39000034022483,10.720000284113,8.311823,8.442838,8.360399,8.785579
9.689999659610542,10.27000075387886,10.739999978633223,10.97999989864975,8.312491,8.551801,8.4780035,8.933909
9.81999975244403,10.4899997129984,10.870000050951544,11.000000124610963,8.313763,8.683068,8.580716,8.997066
9.939999791690708,10.640000340564574,10.939999584169652,11.000000124610963,8.314558,8.794418,8.66709,9.047193
9.99000005962476,10.60000047167394,10.720000675518868,10.649999493248744,8.316128,8.877125,8.713743,9.05969
10.079999938111008,10.689999697009451,10.810000826729905,10.820000084735456,8.31784,8.955653,8.677274,9.110627
10.100000649079677,10.569999450779664,10.550000024653974,10.46000000498444,8.319551,9.014106,8.744011,9.169291
10.060000434732435,10.310000622769492,10.130000195588188,9.93000066293033,8.320913,9.01014,8.808934,9.169582
10.079999938111008,10.279999601875216,10.159999807699007,10.120000151194636,8.322185,8.973173,8.787935,9.097733
10.170000420392302,10.4899997129984,10.580000294204082,10.739999845482403,8.323711,8.962981,8.733697,9.057641
10.180000473979112,10.439999716995636,10.439999912889297,10.430000330634426,8.325256,8.9744005,8.739405,9.102716
10.260000902673596,10.609999959228183,10.720000675518868,10.830000197716064,8.327009,8.959782,8.724544,9.029785
10.350000177364794,10.749999820124344,10.90999997205883,11.02000035057218,8.328306,8.9448185,8.713707,9.040076
9.859999966791271,9.180000329372312,8.210000037802759,7.1599999385252575,8.329745,8.945084,8.718381,9.111227
9.920000288312137,9.539999788945895,9.300000189013796,9.430000330634426,8.330266,8.840497,8.540846,8.756465
9.980000006037953,9.830000277408232,9.899999663062363,10.180000164486474,8.3311,8.773517,8.479254,8.686953
9.790000195478648,9.310000702714229,9.000000123269867,8.720000284112999,8.331619,8.768599,8.49401,8.807491
9.630000545679774,8.979999705803372,8.600000254757724,8.35999953977017,8.331357,8.72416,8.429366,8.796631
9.7000003169924,9.370000186271234,9.45000022188576,9.720000284113,8.331353,8.578507,8.335455,8.654568
9.780000141891836,9.710000031178447,9.979999505276936,10.270000516720131,8.331504,8.515329,8.365759,8.715554
9.749999981131404,9.649999908063554,9.739999978633223,9.729999732501796,8.330871,8.599916,8.484184,8.772771
9.619999888297915,9.29999993604421,9.119999886591724,8.869999985046684,8.330799,8.632019,8.437085,8.800166
9.12000022793263,7.889999920854711,6.860000399394367,5.880000098027292,8.330707,8.585791,8.341328,8.727851
8.530000085286051,6.479999905665212,5.030000392819974,4.000000124610964,8.32974,8.414481,8.146,8.1657095
8.710000446053591,7.630000453286652,7.6600001364186525,8.41000010467321,8.3274355,7.9765415,7.603487,7.347748
8.290000006792694,6.690000016788394,6.079999965484437,5.670000383801771,8.326374,7.777944,7.642259,7.737414
7.760000789462025,5.579999977615474,4.540000044377152,3.8000001910701457,8.323624,7.484651,7.4568205,7.5969667
8.000000264160333,6.9699997385807135,7.369999722231901,8.27999996510893,8.320195,6.8108125,6.9520807,6.7839518
8.290000006792694,8.14999938842277,9.140000504584654,10.110000038214029,8.318117,6.5551896,7.1599154,7.1918316
8.340000274726746,8.33999988487958,8.970000511159046,9.18999961287527,8.315564,6.8671517,7.6091213,7.946099
8.370000435487178,8.420000262218734,8.779999899740508,8.779999632813025,8.313451,7.1852736,7.7052674,8.307155
8.530000085286051,8.890000480467862,9.39000034022483,9.62999993187934,8.312673,7.385887,7.8742332,8.422021
8.770000767574455,9.499999920055265,10.149999498702543,10.520000682868083,8.311145,7.8198047,8.179856,8.544502
8.590000406806913,8.749999980013817,8.569999985207616,8.060000802494612,8.309411,8.171864,8.434378,8.841767
8.600000460393725,8.729999725789556,8.640000175865008,8.510000569887477,8.308491,8.194809,8.369282,8.832587
8.710000446053591,9.020000214251892,9.170000116695473,9.339999978400764,8.307588,8.385715,8.395096,8.812912
8.08000008905977,7.039999988807737,5.780000557179796,4.480000230945654,8.305989,8.469361,8.554231,8.848069
8.27000050341412,7.929999789745345,7.890000011505188,8.339999978400765,8.302077,8.157864,8.264475,8.073802
8.310000717761364,8.130000413314285,8.249999958910044,8.520000682868085,8.299792,8.059172,8.044788,8.153765
8.500000528320667,8.77999972179232,9.270000576902977,9.77000084901604,8.297839,7.9642134,8.009706,8.234692
8.619999963772297,9.060000722700412,9.490000142993043,9.720000284113,8.296118,8.0632,8.131994,8.420902
8.67000023170635,9.069999570696767,9.28999988001733,9.290000078089538,8.294917,8.148955,8.190442,8.430231
8.910000310199706,9.680000289399944,10.199999728806294,10.560000470198707,8.293581,8.180745,8.128428,8.602204
9.080000013585389,9.949999884080134,10.399999991782009,10.59000014454872,8.2928915,8.351102,8.372472,8.815486
9.240000267179308,10.180000249427575,10.550000024653974,10.67000038380177,8.29379,8.486059,8.505399,8.881051
9.320000092078743,10.120000126312682,10.270000576902977,10.19999972585588,8.293298,8.6894865,8.535728,9.0232115
9.450000184912234,10.27000075387886,10.439999912889297,10.479999566353843,8.293398,8.797605,8.686086,9.060219
9.580000277745722,10.430000229441392,10.620000215311366,10.700000058151783,8.293261,8.832244,8.719362,9.07108
9.320000092078743,9.370000186271234,8.760000596626153,8.039999911941585,8.294814,8.931947,8.683957,9.010783
8.920000363786517,8.180000409317048,7.079999965484437,6.190000277467081,8.294069,8.909594,8.575568,8.85245
8.899999652817847,8.329999757767451,7.890000011505188,7.950000224299736,8.293005,8.802592,8.309642,8.369397
8.84000053888708,8.319999630655321,8.090000274480902,8.18999961287527,8.292607,8.605671,8.14857,8.04848
8.9499999207519,8.79999997601658,9.000000123269867,9.390000543303806,8.29128,8.350857,8.071653,8.131925
8.640000674740966,7.929999789745345,7.45000022188576,6.950000224299736,8.291936,8.332759,7.959824,8.545416
8.68000028529316,8.250000019986183,8.220000346799225,8.380000430323198,8.292162,8.124284,7.9510703,8.1454
8.699999788671732,8.439999876885107,8.560000333650438,8.749999958463011,8.292094,7.9765115,7.9483833,8.032406
8.910000310199706,9.14999994803592,9.680000754411582,10.180000164486474,8.291669,7.9431205,7.957856,8.283308
9.029999745651336,9.439999796940372,9.890000668944475,10.130000264175244,8.293188,8.058162,8.137943,8.602621
9.14000033510625,9.64000042050931,10.000000123269867,10.110000038214029,8.294351,8.302626,8.250049,8.832784
9.25000032076612,9.830000277408232,10.149999498702543,10.24000017777831,8.2962475,8.416966,8.464872,8.876769
9.350000856634225,9.939999756968003,10.170000116695473,10.209999838836486,8.296436,8.595221,8.587584,8.924989
9.479999741877617,10.170000122315448,10.439999912889297,10.550000357218098,8.298155,8.756679,8.564221,8.971343
9.660000102645158,10.509999967222658,10.870000050951544,11.080000363864016,8.299634,8.801613,8.633869,9.030015
9.67000015623197,10.27000075387886,10.279999571020864,10.110000038214029,8.301915,8.911516,8.718923,9.127149
9.770000692100076,10.399999848105002,10.490000142993043,10.520000682868083,8.30352,8.9235935,8.726564,9.0885935
9.870000020378082,10.520000733892674,10.649999827422189,10.720000284113,8.3054,8.909202,8.761304,9.088632
10.000000113211572,10.689999697009451,10.870000050951544,10.990000011630356,8.307796,8.91659,8.742914,9.123373
10.110000098871438,10.810000582797125,10.989999814273402,11.069999586291598,8.310783,8.955445,8.77671,9.086968
10.160000366805493,10.749999820124344,10.790000208736974,10.739999845482403,8.313494,9.000274,8.762592,9.138298
10.220000688326357,10.770000074348603,10.80000051773344,10.779999632813023,8.315858,8.989661,8.781724,9.132742
10.250000849086788,10.689999697009451,10.649999827422189,10.580000031568112,8.318372,8.98152,8.7706585,9.139394
10.229999534323069,10.509999967222658,10.3699997222319,10.250000290758916,8.3204975,8.985141,8.764431,9.115251
10.189999319975827,10.30000049565736,10.090000274480902,9.93000066293033,8.322413,9.003788,8.741178,9.050314
10.289999855843933,10.569999450779664,10.640000175865008,10.820000084735456,8.323361,9.0219755,8.703922,8.997906
10.380000338125226,10.759999947236476,10.920000281055296,11.090000476844624,8.324889,8.997465,8.693633,9.01543
10.260000902673596,10.289999728987343,10.06000066237008,9.77000084901604,8.3261175,9.00844,8.698244,9.078172
10.060000434732435,9.660000035175685,9.130000195588188,8.67000038380177,8.327362,9.0061655,8.6359415,9.030557
10.079999938111008,9.850000531632492,9.720000675518868,9.81000063634666,8.327758,8.941914,8.564569,8.825807
9.149999784898014,7.139999980813263,5.260000267906509,3.5000001246109647,8.328307,8.887302,8.55222,8.816288
9.13000028151944,7.670000322177286,7.079999965484437,7.280000629700741,8.326915,8.550839,8.016258,7.7239804
9.069999959998578,7.920000302191101,7.790000208736973,8.130000264175244,8.326404,8.251198,7.7504563,7.79336
9.12000022793263,8.420000262218734,8.689999748529473,9.159999938525257,8.3260765,8.036123,7.764567,7.933708
8.320000167553125,6.229999925651396,4.900000320501652,3.5200000182762747,8.325245,7.9579425,7.906092,8.251575
8.340000274726746,6.9099996154658205,6.700000057525938,7.010000237591573,8.32301,7.407086,7.2632556,7.181711
8.310000717761364,7.269999714597293,7.399999991782009,7.7700001844242275,8.321772,7.0412045,7.2015266,7.171217
8.580000353220104,8.39000052044023,9.199999728806294,10.029999798960976,8.31942,7.079867,7.392693,7.2934623
8.699999788671732,8.810000742686595,9.50000045198951,9.869999985046684,8.318567,7.2560644,7.635564,8.162686
8.65000012453273,8.630000373341916,8.85000074783719,8.700000058151783,8.317717,7.508775,7.8892694,8.657664
8.729999949432164,8.859999459573586,9.119999886591724,9.18999961287527,8.317439,7.8263183,8.164169,8.625698
8.370000435487178,7.760000187070681,7.159999807699008,6.399999991692602,8.315559,7.946154,8.358929,8.693615
8.200000128306447,7.409999575493453,6.88000035994801,6.540000244237491,8.3146,7.9471354,8.137579,8.252299
8.149999860372395,7.500000079944736,7.28999988001733,7.350000091381374,8.31182,7.937698,7.9294395,8.284217
8.359999778105319,8.33999988487958,8.800000517733439,9.420000217653818,8.310261,7.840796,8.034695,8.1558275
8.590000406806913,9.020000214251892,9.700000057525935,10.24000017777831,8.308112,7.7721677,8.160951,8.511649
8.520000635494288,8.680000369344679,8.800000517733439,8.600000257529327,8.306575,7.9304314,8.328394,8.622939
8.510000581907478,8.600000631563413,8.600000254757724,8.460000004984439,8.305428,8.02799,8.17763,8.705823
7.860000117740034,6.619999766561372,5.300000189013795,3.940000111319129,8.304087,8.068911,8.291335,8.394319
7.6400001464203,6.340000044769052,5.500000123269866,5.170000051505865,8.301289,7.814329,7.727836,7.2546625
7.610000589454915,6.629999893673501,6.399999991782009,6.660000270821163,8.296107,7.431804,7.2884154,7.167719
7.690000414354352,7.159999595479637,7.399999991782009,7.880000098027292,8.29375,7.160003,7.268038,7.4123907
8.060000585681196,8.430000389330864,9.399999991782009,10.339999978400764,8.289276,7.1775227,7.478575,7.84116
8.310000717761364,9.0799996978089,10.000000123269867,10.520000682868083,8.287462,7.444366,7.825703,8.289716
8.530000085286051,9.510000047167392,10.249999958910044,10.510000569887476,8.283781,7.8322573,8.16815,8.603452
8.720000499640403,9.779999641847583,10.31999949212815,10.430000330634426,8.282026,8.162462,8.289698,8.705872
8.920000363786517,10.050000515643546,10.510000103546687,10.619999818898732,8.280998,8.3591385,8.353325,8.736318
9.080000013585389,10.22000011831821,10.560000333650438,10.609999705918124,8.2805,8.568203,8.48598,8.961267
9.11000017434582,9.939999756968003,9.93000059005176,9.689999945171175,8.280249,8.802957,8.615409,8.9812975
8.93999986716509,9.210000071150814,8.710000366522403,8.159999938525257,8.280359,8.842982,8.645243,9.033278
9.220000763800735,9.960000011192262,10.21000003780276,10.640000709451758,8.28069,8.785438,8.581762,8.824708
9.35999970263094,10.149999868091186,10.399999991782009,10.609999705918124,8.281773,8.85607,8.623363,9.02335
9.35999970263094,9.92000014230163,9.899999663062363,9.76000007144362,8.283351,8.857325,8.667185,9.023641
9.409999970564993,9.890000400523126,9.85000074783719,9.790000410385444,8.2844,8.803871,8.649348,8.966427
8.93999986716509,8.329999757767451,7.280000228460152,6.230000064797702,8.285837,8.726951,8.617164,8.911028
8.760000713987644,7.989999912860238,7.23999964991358,6.909999772377304,8.286775,8.57073,8.344957,8.2947235
8.880000149439274,8.560000762672779,8.569999985207616,9.000000124610965,8.286755,8.454447,8.06212,7.858185
9.020000899654622,9.0799996978089,9.430000261332117,9.909999772377304,8.288303,8.375199,7.9422708,8.061631
9.200000052832069,9.600000551618676,10.119999886591724,10.530000131256882,8.288977,8.409902,8.010304,8.59521
9.159999838484824,9.359999419601218,9.459999873442936,9.31999975243955,8.290714,8.421404,8.297852,8.812497
9.26000037435293,9.609999399615036,9.83000012984426,9.939999446727317,8.291487,8.391905,8.344441,8.830201
9.370000360012796,9.850000531632492,10.109999577595255,10.260000403739523,8.2922125,8.486634,8.4544935,8.805215
9.54000006339848,10.18999973698182,10.560000333650438,10.779999632813023,8.293137,8.606289,8.544362,8.811427
9.619999888297915,10.25999998720884,10.47999983399658,10.510000569887476,8.294959,8.764876,8.523123,8.948936
9.43000068153366,9.489999792943134,9.090000274480902,8.54000024423749,8.297549,8.866093,8.589625,8.964952
9.55000072078034,9.819999510738215,9.840000438840724,9.97999989864975,8.298858,8.843716,8.539186,8.932349
9.680000813613828,10.149999868091186,10.3699997222319,10.619999818898732,8.301212,8.8429985,8.543806,8.937049
9.399999916978182,9.140000460481678,8.590000603200545,7.950000224299736,8.303098,8.850917,8.656663,8.998168
8.97000063172057,7.929999789745345,6.8400004388407245,5.950000224299736,8.304011,8.758476,8.530662,8.852625
8.850000592473892,7.889999920854711,7.320000149567438,7.250000290758917,8.30488,8.48664,8.276939,8.340763
8.800000324539837,8.039999908863,7.860000399394367,8.050000024922193,8.305479,8.160014,8.142929,8.0392885
8.890000806821133,8.539999868890634,8.779999899740508,9.209999838836486,8.305887,8.023631,7.945075,8.044486
9.050000456620005,9.130000333369548,9.640000175865008,10.110000038214029,8.306901,7.998911,7.971276,8.317127
9.229999609797453,9.63000029339718,10.220000346799225,10.59000014454872,8.308056,8.107051,8.121075,8.554548
9.25000032076612,9.560000682728043,9.810000826729905,9.76000007144362,8.308882,8.287863,8.293742,8.759472
8.880000149439274,8.369999626658084,7.710000366522403,6.849999759085469,8.309334,8.307368,8.413104,8.788032
8.060000585681196,6.070000450088863,4.200000057525938,2.5399999119415853,8.309151,8.286131,8.170749,8.529282
7.980000156986713,6.409999655438189,5.700000057525938,5.800000523366051,8.306869,7.9751506,7.608581,7.259546
8.180000624927874,7.489999952832606,7.850000090397902,8.739999845482403,8.304032,7.6469755,7.5613008,7.001934
8.070000035472958,7.36999970660282,7.47999983399658,7.590000144548719,8.301519,7.6339803,7.606337,7.7926807
8.050000532094385,7.530000461281125,7.690000405968759,7.809999971754848,8.2992525,7.5321364,7.5207596,7.9561305
7.900000332087276,7.21999971859453,7.090000274480903,6.8900002110079,8.297451,7.4179606,7.540791,8.14132
8.120000303407013,8.079999777753635,8.600000254757724,9.140000377155852,8.295338,7.3311114,7.5795827,7.628605
8.10000080002844,8.029999781750872,8.249999958910044,8.270000516720133,8.292075,7.45436,7.825283,7.7893286
7.840000614361461,7.269999714597293,6.870000050951544,6.329999865420159,8.289981,7.4933696,7.719076,8.191653
7.390000014340132,6.110000318979496,5.139999847145366,4.280000297404835,8.288781,7.4056187,7.5959234,8.06576
7.440000282274185,6.650000147897761,6.520000412543153,6.809999971754848,8.286111,7.2337303,7.4463577,7.333475
7.560000321520863,7.22999984570666,7.560000333650438,8.060000802494612,8.28296,7.117358,7.453327,7.529747
7.330000296614317,6.650000147897761,6.4300002613321166,6.130000264175245,8.279434,7.2383556,7.6383176,7.928364
7.680000360767541,7.9000000479668415,8.609999906314902,9.399999991692605,8.275867,7.190347,7.4496555,7.8701453
8.08000008905977,9.039999828918264,10.159999807699007,11.010000237591573,8.273417,7.2062516,7.7721586,8.19989
8.350000932108605,9.5699995307244,10.47999983399658,10.859999872066076,8.271642,7.600468,8.197666,8.509856
8.640000674740966,10.060000642755677,10.840000438840724,11.100000589825232,8.268978,8.0174675,8.328636,8.747254
8.890000806821133,10.399999848105002,11.020000741262796,11.170000716097675,8.270541,8.340309,8.40964,8.885088
9.010000242272763,10.279999601875216,10.510000103546687,10.350000755973186,8.272138,8.635848,8.596409,8.987571
9.229999609797453,10.590000344561812,10.899999663062363,11.02000035057218,8.272912,8.829239,8.681399,8.995849
9.470000292085857,10.890000320578393,11.249999958910044,11.420000217653818,8.274363,8.887309,8.712632,9.166992
9.680000813613828,11.100000431701574,11.430000261332117,11.549999692626288,8.2767725,8.933358,8.807298,9.242881
9.67000015623197,10.620000086340315,10.459999873442936,10.110000038214029,8.279491,9.022125,8.868774,9.256085
9.54000006339848,9.960000011192262,9.430000261332117,8.909999772377304,8.281296,9.024496,8.862623,9.143965
9.440000131325425,9.520000813837411,8.970000511159046,8.619999818898732,8.282729,9.007053,8.754222,8.874851
9.470000292085857,9.600000551618676,9.380000031228366,9.44999989200383,8.283698,8.948247,8.555765,8.695114
9.320000092078743,9.12000020625742,8.689999748529473,8.430000330634426,8.286446,8.841171,8.414105,8.579507
8.81999982791841,7.679999809731528,6.499999794550223,5.540000244237491,8.28758,8.7877,8.268101,8.500406
8.420000099626183,6.810000263018181,5.650000484861474,5.020000018276275,8.287077,8.576443,7.8960104,7.95321
8.060000585681196,6.210000310985023,5.22000001807958,4.869999985046684,8.285349,8.0977125,7.541175,7.286915
8.200000128306447,7.200000103928157,7.360000070674723,8.110000038214029,8.283339,7.5680223,7.118351,6.6301866
8.120000303407013,7.26000022704305,7.3800000312283665,7.610000370509935,8.2821665,7.41175,7.0472784,7.210544
8.420000099626183,8.410000135106603,9.23999964991358,10.050000024922191,8.280898,7.3445134,7.112941,7.635557
8.67000023170635,9.160000075148051,10.069999656487973,10.649999493248744,8.280597,7.4817924,7.635786,8.113694
8.800000324539837,9.410000055161868,10.040000044377152,10.18999961287527,8.280904,7.7846494,7.960271,8.471398
8.899999652817847,9.529999661833768,9.920000281055296,9.919999885357912,8.282066,8.101939,8.11629,8.691066
9.100000724554056,9.939999756968003,10.409999643339187,10.609999705918124,8.283276,8.415825,8.317159,8.814706
9.12000022793263,9.74999990006908,9.85000074783719,9.689999945171175,8.285899,8.619526,8.47357,8.968372
8.740000003018976,8.410000135106603,7.580000294204081,6.619999818898732,8.287423,8.656139,8.6166,9.025768
8.320000167553125,7.269999714597293,6.090000274480903,5.210000171132392,8.288793,8.571183,8.507332,8.827026
7.730000024906546,5.809999703405031,4.239999978633223,3.2400001777783096,8.289174,8.328202,8.223271,8.379747
7.590000482281295,5.960000330971206,5.270000248183331,5.380000098027292,8.28812,7.828913,7.7980556,7.0902457
7.81000045360103,7.11000023903476,7.540000373096795,8.470000117965046,8.28566,7.272107,7.366923,6.7885723
8.000000264160333,7.889999920854711,8.620000215311366,9.329999865420158,8.285206,6.985762,7.284019,7.3381834
8.10000080002844,8.22000027820768,8.810000826729903,9.100000589825232,8.284949,6.9366865,7.423991,7.9667134
8.370000435487178,8.989999832915503,9.80000051773344,10.290000078089538,8.284925,7.011876,7.65984,8.086869
8.630000621154156,9.600000551618676,10.399999991782009,10.790000410385444,8.285685,7.4038315,7.908639,8.331064
8.500000528320667,8.910000095134235,8.85000074783719,8.350000755973186,8.285413,7.9286017,8.232793,8.626858
8.600000460393725,9.090000464478916,9.180000425691938,9.149999825544649,8.285319,8.169584,8.212501,8.658277
8.800000324539837,9.539999788945895,9.890000668944475,10.170000051505866,8.285298,8.316036,8.339797,8.822942
8.960000578133759,9.80000053562973,10.140000504584654,10.329999865420158,8.285684,8.526142,8.54562,8.931868
8.930000417373327,9.47000017827676,9.419999952335653,9.18999961287527,8.284337,8.707488,8.643578,9.040296
8.630000621154156,8.399999368436587,7.6600001364186525,6.8900002110079,8.284179,8.748746,8.617699,8.929125
8.699999788671732,8.670000242232549,8.47999983399658,8.580000031568112,8.2825575,8.681104,8.421134,8.530643
8.640000674740966,8.5,8.28999988001733,8.24000017777831,8.281469,8.606499,8.31528,8.3436
8.300000664174553,7.539999948835369,6.800000517733439,6.180000164486473,8.280632,8.456145,8.152656,8.206258
7.540000214347242,5.490000112722077,3.750000287629688,2.339999812252813,8.279273,8.200346,7.7777467,7.9484305
6.830000032453984,3.9600001710817354,2.0699998208477943,0.9800000232607132,8.276896,7.5850983,7.0259585,6.5662847
6.340000425675509,3.339999964824316,1.9899999786332232,1.6299999318793394,8.271874,6.6048465,6.1827683,5.085534
6.100000347182153,3.5399999488353693,2.989999978633223,3.290000078089538,8.265288,5.6818776,5.3692846,4.299566
6.239999889807404,4.7300000455685,5.249999958910045,6.24000017777831,8.258134,4.947114,4.851895,4.659189
6.090000293595343,4.719999918456369,4.969999853719759,5.1599999385252575,8.25245,4.657601,5.1036572,5.610201
6.540000289821623,6.479999905665212,7.790000208736973,8.970000450260953,8.2454815,4.6618757,5.3754497,5.4815907
6.740000153967737,7.0899999848105,8.140000504584654,8.640000709451758,8.238421,5.116715,6.1372266,6.511919
6.520000182648002,6.340000044769052,6.369999722231901,5.809999971754848,8.232726,5.8810425,6.672462,7.1841865
6.070000186421721,5.040000148697208,4.190000077249116,3.1400002110079,8.226323,6.4508467,6.662547,7.199535
5.560000472469625,3.8300001175187615,2.589999945761259,1.6399998787119945,8.219643,6.4861503,6.332955,6.4755197
6.080000240008531,5.890000080744184,6.650000484861474,7.979999898649749,8.209108,6.146004,5.9772663,5.996429
6.100000347182153,6.0100003269739695,6.470000182439402,6.800000523366051,8.199916,6.2597804,6.832268,7.2602386
6.340000425675509,6.760000267015418,7.490000142993045,7.990000011630356,8.193349,6.294843,7.0486755,7.729387
6.36000053284913,6.710000271012654,7.040000044377152,7.020000350572181,8.1881275,6.3938813,7.416767,8.028087
6.4800005720958085,6.95000012391434,7.269999919463688,7.360000204361982,8.1840725,6.5876293,7.6199574,7.698313
6.270000050567836,6.179999929648632,5.8400004388407245,5.2900000780895375,8.178296,6.6617303,7.564962,7.585707
6.280000707949694,6.250000179875656,6.119999886591723,6.0700002508834086,8.17408,6.5600743,7.1958394,6.908927
6.310000264915077,6.320000430102678,6.309999840570973,6.37000031734259,8.171303,6.6152477,6.91038,7.25804
6.460000464922187,6.800000135906051,7.09999992603808,7.440000443615034,8.16771,6.762931,7.085011,7.3154087
6.300000211328267,6.1999995443150056,5.949999893166116,5.590000144548719,8.16305,6.926847,7.400635,7.578388
6.310000264915077,6.260000306987785,6.179999768252651,6.1599999385252575,8.154845,6.7886577,7.2076116,7.5297337
6.750000207554548,7.589999944838132,8.439999912889295,9.339999978400764,8.150336,6.8308473,7.0818543,7.350995
6.720000046794116,7.26000022704305,7.470000182439402,7.350000091381374,8.143543,7.1225004,7.5724363,7.833521
6.79000042190179,7.300000095933683,7.430000261332115,7.389999878711994,8.136709,7.300121,7.528294,7.501697
6.970000178874283,7.689999936843659,8.020000741262796,8.24000017777831,8.128138,7.419801,7.4020243,7.6622357
7.180000096607207,8.119999646644267,8.560000333650438,8.840000310696672,8.125948,7.5619817,7.537287,7.701589
7.360000457374749,8.350000651549596,8.729999669636758,8.880000098027292,8.12434,7.8670425,7.595745,7.9697013
7.039999950186909,7.11000023903476,6.459999873442937,5.600000257529326,8.123649,8.042799,7.7799306,8.126714
6.78000036831498,6.290000048766289,5.429999932612473,4.760000403739525,8.121226,7.9398913,7.4840517,7.974286
6.64000022189468,6.029999941640343,5.420000281055295,5.210000171132392,8.116993,7.6428056,7.403,7.588631
6.720000046794116,6.469999778553082,6.459999873442937,6.809999971754848,8.115731,7.1999803,7.30862,7.0538373
6.270000050567836,5.190000136705498,4.330000129844259,3.580000031568111,8.112192,7.0846806,7.1686134,7.419337
6.290000157741456,5.55000023583697,5.360000399394367,5.560000137902801,8.111661,6.8719907,6.6956935,6.447858
6.070000186421721,5.119999886478476,4.729999998356401,4.540000244237491,8.109176,6.6005635,6.5585093,6.2883816
6.260000600776073,5.97999994563758,6.369999722231901,6.960000337280344,8.108605,6.313088,6.028553,5.771759
6.410000196988134,6.530000541225862,7.079999965484437,7.550000357218098,8.105496,6.318348,6.162291,6.368379
5.909999932827801,4.989999832915502,4.239999978633223,3.2400001777783096,8.106464,6.487746,6.3924656,7.315638
5.820000658136602,4.989999832915502,4.619999886591723,4.469999785669141,8.103655,6.25091,6.216479,6.368502
5.730000175855308,4.960000091136999,4.760000267906509,4.770000184424228,8.097822,6.015962,6.410924,6.171234
5.840000161515175,5.519999854500581,5.780000557179796,6.190000277467081,8.093313,5.9432983,6.1501145,6.2426443
6.160000064907968,6.590000024782868,7.439999912889294,8.229999400205891,8.089478,6.096959,6.3607073,6.7946796
5.76000033661574,5.239999812929319,4.770000248183331,3.940000111319129,8.09181,6.422351,6.854088,7.413573
5.870000322275607,5.740000092735894,5.8400004388407245,6.010000237591573,8.088125,6.335523,6.542285,7.022307
6.280000707949694,7.019999734583477,7.920000281055295,8.800000523366052,8.083444,6.3692136,6.880585,6.6948385
6.590000557755675,7.700000063955788,8.609999906314902,9.149999825544649,8.081875,6.6213746,7.1524982,7.5687623
6.720000046794116,7.760000187070681,8.249999958910044,8.27999996510893,8.084976,6.981458,7.4336743,8.053532
6.460000464922187,6.659999635452005,6.179999768252651,5.350000091381374,8.091353,7.348577,7.7253914,8.180349
6.250000547189263,5.97999994563758,5.2900002087369735,4.690000277467081,8.092802,7.318281,7.5784225,7.894736
5.980000307935475,5.269999874486765,4.440000241608938,3.9300003306344258,8.0927925,7.139113,7.410793,7.1727834
5.989999757727237,5.490000112722077,5.22000001807958,5.380000098027292,8.08786,6.820245,7.0478725,6.8223653
5.909999932827801,5.400000247828681,5.210000037802759,5.250000290758917,8.087841,6.639867,6.607495,6.920631
5.579999975848198,4.560000123114893,3.910000300778474,3.400000323988508,8.084362,6.5865107,6.7283683,6.6591387
5.900000483036038,5.8299999576292905,6.349999761678259,7.180000164486473,8.075252,6.069654,6.3693686,6.002943
6.230000440015641,6.840000004796684,7.780000557179796,8.59000014454872,8.0699625,5.9757023,6.2591043,6.3568997
6.690000489828733,8.029999781750872,9.28999988001733,10.140000377155852,8.069011,6.332333,6.7024884,7.072292
6.9800002324610935,8.5,9.439999912889297,9.76000007144362,8.069559,6.973394,7.182628,7.805553
7.260000525301692,8.890000480467862,9.620000215311366,9.790000410385444,8.074841,7.4591813,7.566317,8.215466
7.48999994641319,9.100000591591044,9.609999906314902,9.660000270821165,8.0778675,7.7176814,8.008533,8.415349
7.620000039246678,9.010000087139762,9.21000003780276,9.060000802494612,8.084604,8.060253,8.13414,8.701363
7.740000078493356,8.949999964024869,9.000000123269867,8.880000098027292,8.09424,8.238685,8.265415,8.718072
7.880000224913656,8.989999832915503,9.050000353373616,9.029999798960976,8.1021805,8.428352,8.3644,8.697835
7.740000078493356,8.250000019986183,7.780000557179796,7.260000403739525,8.109627,8.52699,8.380087,8.743818
7.550000267934051,7.510000207056866,6.7900002087369735,6.24000017777831,8.116459,8.365829,8.324343,8.461437
7.66000025359392,7.869999666630452,7.739999978633223,7.960000337280344,8.123157,8.226413,7.996969,8.091812
7.960000049813091,8.689999856898924,9.170000116695473,9.81000063634666,8.131614,8.1372385,7.85903,7.9963207
8.239999738858641,9.319999550710584,9.989999814273402,10.50000045690687,8.140147,8.16293,8.052734,8.126137
8.489999870938808,9.739999772956953,10.34000011012108,10.640000709451758,8.148882,8.2613,8.097432,8.487624
8.710000446053591,10.020000773865045,10.520000412543151,10.68000049678238,8.161698,8.273625,8.208708,8.670137
8.750000056605785,9.74999990006908,9.810000826729905,9.569999918587504,8.1748085,8.412798,8.353853,8.88912
8.850000592473892,9.76000002718121,9.810000826729905,9.729999732501796,8.18606,8.554533,8.458737,8.813491
8.420000099626183,8.180000409317048,7.150000156141831,6.0700002508834086,8.195704,8.65164,8.486762,8.8234
8.410000046039372,8.250000019986183,7.780000557179796,7.700000058151783,8.201497,8.573359,8.30333,8.52918
8.38000048907399,8.20000002398342,7.940000241608938,7.979999898649749,8.208235,8.48323,8.232249,8.359597
8.530000085286051,8.680000369344679,8.870000050951544,9.250000290758916,8.213804,8.420945,8.093389,8.314067
8.67000023170635,9.0799996978089,9.430000261332117,9.779999632813023,8.219268,8.424206,8.086424,8.410515
8.399999992452562,8.119999646644267,7.670000445415117,7.060000137902801,8.223989,8.464325,8.167369,8.542424
8.420000099626183,8.270000274210444,8.130000195588188,8.140000377155852,8.228762,8.318016,7.9371586,8.1368885
8.530000085286051,8.670000242232549,8.870000050951544,9.159999938525257,8.232505,8.155319,7.922574,7.9466653
8.54000013887286,8.649999348450404,8.729999669636758,8.77000084901604,8.23821,8.136198,7.9315324,8.342417
8.460000313973426,8.359999499545953,8.220000346799225,8.02000035057218,8.24361,8.138121,8.000962,8.530044
8.619999963772297,8.880000353355733,9.159999807699007,9.479999566353843,8.249363,8.116192,8.12113,8.474121
8.84000053888708,9.46000005116463,9.979999505276936,10.399999991692605,8.254289,8.1411495,8.245962,8.700073
8.93999986716509,9.560000682728043,9.890000668944475,9.97999989864975,8.25958,8.317069,8.452294,8.825446
9.060000510206816,9.74999990006908,10.040000044377152,10.130000264175244,8.264354,8.443134,8.484312,8.931804
9.11000017434582,9.680000289399944,9.770000905622618,9.689999945171175,8.269442,8.545793,8.524434,8.955809
8.920000363786517,8.960000091137,8.540000373096795,8.02000035057218,8.273597,8.6650095,8.587941,8.881027
9.040000403033195,9.29999993604421,9.31999949212815,9.479999566353843,8.275361,8.642205,8.504507,8.656511
8.890000806821133,8.760000107125945,8.409999643339187,8.090000476844624,8.278884,8.634421,8.392585,8.691342
8.720000499640403,8.289999888876817,7.800000517733439,7.470000117965046,8.281189,8.587959,8.321002,8.629413
8.420000099626183,7.520000334168996,6.750000287629688,6.230000064797702,8.283155,8.484207,8.202682,8.439383
8.229999685271832,7.210000231040286,6.630000524307832,6.4200002176538185,8.283382,8.207171,7.9686494,8.095848
8.290000006792694,7.719999678622162,7.760000596626153,8.159999938525257,8.283073,7.830596,7.819962,7.76907
8.279999953205884,7.860000179076208,7.980000162716223,8.18999961287527,8.282702,7.6766734,7.763801,7.9936094
8.350000932108605,8.170000282204917,8.439999912889295,8.689999945171175,8.283543,7.581756,7.759833,8.02411
8.260000449827311,7.969999658635978,7.9699998537197585,7.860000536657887,8.283371,7.698136,7.8485126,8.058773
8.450000260386615,8.640000500454047,9.090000274480902,9.49999979231506,8.282914,7.7962255,7.776085,8.090818
8.500000528320667,8.720000238235313,8.989999814273402,9.080000363864016,8.282993,7.861974,7.9617133,8.332072
8.439999603004756,8.470000258221496,8.450000221885759,8.250000290758917,8.283196,8.089577,8.062146,8.5155525
8.290000006792694,8.000000039972369,7.670000445415117,7.310000304050754,8.282864,8.19372,8.0753355,8.583776
8.300000664174553,8.119999646644267,8.040000044377152,8.069999586291598,8.281681,8.151376,8.162883,8.433591
8.54000013887286,8.890000480467862,9.3699997222319,9.909999772377304,8.280688,8.126133,8.171781,8.424664
8.410000046039372,8.420000262218734,8.329999801124616,8.080000363864016,8.280428,8.185778,8.282685,8.62989
8.300000664174553,8.079999777753635,7.820000478287081,7.540000244237491,8.280667,8.233882,8.203468,8.605969
7.850000064153224,6.800000135906051,5.810000169290617,4.9200002176538185,8.280074,8.189561,8.148498,8.378497
8.130000356993822,7.939999916857475,8.199999728806294,8.899999659396697,8.278486,7.8864045,7.7903957,7.548306
8.070000035472958,7.8399999248519485,7.900000320501652,7.990000011630356,8.276944,7.7520537,7.8483043,8.012694
8.239999738858641,8.399999368436587,8.800000517733439,9.18999961287527,8.276704,7.728228,7.810356,8.127143
8.050000532094385,7.800000055961315,7.600000254757724,7.24000017777831,8.276706,7.8299136,7.892339,8.473966
7.890000278500466,7.380000473272836,7.000000123269866,6.650000157840555,8.276098,7.7498198,7.9787827,8.1942215
7.82000050718784,7.320000350157943,7.09999992603808,7.039999911941585,8.274074,7.660527,7.8395157,7.922626
7.949999996226281,7.860000179076208,8.100000583477367,8.479999566353843,8.271757,7.5994787,7.702518,7.803934
7.880000224913656,7.689999936843659,7.700000057525938,7.650000157840555,8.271145,7.673145,7.748585,8.089571
8.180000624927874,8.649999348450404,9.300000189013796,9.93000066293033,8.268505,7.7727127,7.8065953,8.2026415
8.210000181893259,8.579999737781266,8.85000074783719,8.859999872066076,8.268108,7.9456816,8.083851,8.4069195
8.430000757008042,9.12000020625742,9.630000524307832,9.939999446727317,8.265756,8.028239,8.137341,8.554332
8.550000192459672,9.29999993604421,9.660000136418653,9.77000084901604,8.2662945,8.237727,8.242303,8.624989
8.68000028529316,9.4499999240525,9.729999669636758,9.790000410385444,8.266349,8.396534,8.320041,8.775328
8.880000149439274,9.819999510738215,10.220000346799225,10.430000330634426,8.267355,8.519982,8.430936,8.7896385
8.740000003018976,9.130000333369548,8.85999974195508,8.380000430323198,8.267907,8.6045685,8.538355,8.943893
8.899999652817847,9.479999665831004,9.580000294204082,9.720000284113,8.269109,8.5560055,8.501142,8.856238
8.84000053888708,9.12000020625742,8.939999584169652,8.729999732501796,8.271415,8.601918,8.50447,8.88437
8.930000417373327,9.329999677822714,9.3699997222319,9.479999566353843,8.27283,8.643652,8.523767,8.748003
8.489999870938808,7.880000433300468,6.929999932612473,5.9900000116303564,8.274233,8.64217,8.463647,8.759897
8.27000050341412,7.409999575493453,6.620000215311366,6.209999838836485,8.273901,8.454423,8.224077,8.28101
7.770000239253788,6.169999802536503,4.960000202162581,4.170000051505865,8.274073,8.137289,7.8796573,7.9142904
7.850000064153224,6.869999746575187,6.730000327076046,7.199999725855878,8.271633,7.747607,7.386814,6.886739
8.000000264160333,7.630000453286652,8.060000662370081,8.739999845482403,8.270356,7.53058,7.273547,7.1011314
8.120000303407013,8.100000671535781,8.630000524307832,9.060000802494612,8.267981,7.490754,7.4287453,7.647909
8.149999860372395,8.18999989687129,8.520000412543153,8.600000257529327,8.268326,7.5666885,7.505684,8.121736
8.070000035472958,7.950000043969605,7.960000202162581,7.76000007144362,8.267153,7.589038,7.746384,8.179465
7.910000385674087,7.489999952832606,7.179999768252651,6.809999971754848,8.267406,7.7191286,7.7166877,8.133035
7.9400005464345185,7.700000063955788,7.690000405968759,7.780000297404835,8.264541,7.7456927,7.71997,7.9291806
7.520000107173621,6.530000541225862,5.739999978633223,4.9900000116303564,8.263986,7.7961116,7.8410025,8.034833
7.320000243027507,6.219999798539265,5.620000215311366,5.350000091381374,8.260964,7.645026,7.470973,7.7507615
6.79000042190179,4.960000091136999,3.810000169290616,2.999999958463012,8.259051,7.407401,7.406572,7.338029
7.159999989433587,6.619999766561372,7.159999807699008,8.250000290758917,8.254057,6.9158216,6.753994,6.571977
7.340000350201127,7.329999837712187,8.079999965484438,8.779999632813025,8.251321,6.8289843,7.073774,7.1909614
7.340000350201127,7.320000350157943,7.690000405968759,7.739999845482404,8.248885,6.9244018,7.3660307,7.745476
7.630000092833488,8.18999989687129,8.939999584169652,9.46000000498444,8.246443,6.939223,7.4271135,7.9613314
7.910000385674087,8.880000353355733,9.720000675518868,10.18999961287527,8.246893,7.1128225,7.741381,8.173491
7.920000439260898,8.6199996066719,8.85999974195508,8.660000270821163,8.247263,7.4969387,8.092647,8.505012
7.450000335860995,6.989999992804973,6.030000392819974,4.840000310696672,8.248039,7.833765,8.107458,8.547943
7.620000039246678,7.650000067953026,7.620000215311366,7.8900002110079,8.247395,7.828284,7.876802,8.047904
7.850000064153224,8.329999757767451,8.760000596626153,9.300000191070144,8.246771,7.852185,7.9652905,8.292955
7.9400005464345185,8.439999876885107,8.729999669636758,8.880000098027292,8.245659,7.99739,8.229015,8.473318
7.360000457374749,6.570000410116495,5.460000202162581,4.200000058151783,8.244667,8.004845,8.217319,8.691955
6.699999939620495,4.81000010312871,3.0799998011246155,1.7499999584630117,8.242009,7.8067904,7.8113365,7.820232
6.369999982640892,4.389999880882344,3.239999978633223,2.909999938525257,8.2363,7.3114758,7.0718727,6.069941
6.560000396995244,5.559999723391214,5.770000248183331,6.679999832190568,8.226952,6.6068907,6.4089084,4.775167
6.740000153967737,6.409999655438189,7.090000274480903,7.880000098027292,8.221075,6.3688493,5.889467,5.7805343
6.9400006219089,7.10000011192263,7.890000011505188,8.460000004984439,8.216111,6.3440275,6.1404862,7.0167084
7.050000607568768,7.36999970660282,7.949999893166116,8.140000377155852,8.21507,6.52037,6.7806606,7.6618485
6.830000032453984,6.629999893673501,6.419999952335652,5.869999985046684,8.210236,6.7002482,7.333007,7.7094316
7.200000203780829,7.789999928849185,8.459999873442937,9.110000038214029,8.205298,6.793563,7.265656,7.2543936
7.38000056454837,8.14999938842277,8.729999669636758,9.029999798960976,8.2016,7.186014,7.4756045,8.126263
7.560000321520863,8.470000258221496,8.970000511159046,9.149999825544649,8.203358,7.539715,7.8615737,8.3219185
6.9400006219089,6.350000171881182,5.180000096972295,3.730000064797701,8.201979,7.8997025,8.08775,8.551176
6.390000089814514,4.860000099131472,3.290000208736973,2.0999999252334214,8.19854,7.770824,7.785162,7.8741407
6.820000582662222,6.610000279007128,7.000000123269866,8.120000151194636,8.192092,7.338007,7.1363544,6.5588737
7.100000271707772,7.510000207056866,8.300000189013796,9.159999938525257,8.188291,7.365133,7.265633,7.08994
7.000000339634714,7.0899999848105,7.199999728806295,7.020000350572181,8.18651,7.4335923,7.385383,7.7304177
7.320000243027507,8.020000294196628,8.700000057525937,9.250000290758916,8.182694,7.3261223,7.37515,7.9832172
7.410000121513754,8.069999650641504,8.450000221885759,8.510000569887477,8.1854925,7.2303786,7.6849675,8.152608
7.740000078493356,8.859999459573586,9.569999985207616,10.039999911941583,8.185614,7.253572,7.9076743,8.115262
7.9400005464345185,9.140000460481678,9.689999748529472,9.869999985046684,8.189204,7.751676,8.047781,8.286519
8.220000235480068,9.609999399615036,10.18999941980983,10.44999989200383,8.19359,8.123774,8.121799,8.630081
8.399999992452562,9.72999964584482,10.100000583477367,10.140000377155852,8.1998415,8.369167,8.348135,8.819127
8.460000313973426,9.510000047167392,9.550000024653974,9.339999978400764,8.2041645,8.453998,8.546029,8.933668
8.619999963772297,9.689999776954188,9.819999820847794,9.869999985046684,8.208877,8.519612,8.519923,8.952216
8.780000217366217,9.840000404520364,10.010000432266333,10.100000589825232,8.213046,8.710043,8.547206,8.901329
8.880000149439274,9.830000277408232,9.90999997205883,9.8900002110079,8.216366,8.801788,8.644209,8.830628
8.860000042265654,9.489999792943134,9.300000189013796,9.060000802494612,8.2199955,8.799422,8.540092,8.706436
9.069999959998578,9.9100000151895,10.100000583477367,10.350000755973186,8.224289,8.770174,8.4162855,8.680667
9.210000106418876,10.09000038453418,10.300000189013796,10.44999989200383,8.230253,8.756771,8.404004,8.8502865
9.12000022793263,9.549999916058027,9.300000189013796,8.950000224299735,8.236713,8.791997,8.483927,8.854666
9.25000032076612,9.81000066274186,9.85000074783719,9.960000337280343,8.241309,8.754239,8.49121,8.682872
9.35999970263094,9.979999625858635,10.130000195588188,10.270000516720131,8.245533,8.739977,8.472753,8.781854
9.180000549453494,9.239999812929318,8.810000826729903,8.329999865420158,8.252222,8.705948,8.496834,8.945104
9.340000199252366,9.710000031178447,9.810000826729905,10.060000802494612,8.257579,8.6094675,8.471586,8.718177
9.489999795464428,10.069999490752034,10.350000419117546,10.649999493248744,8.263649,8.675487,8.413311,8.866213
9.640000599266584,10.319999470765849,10.630000524307832,10.820000084735456,8.268188,8.76541,8.573416,8.906778
9.720000424166022,10.3700001063265,10.560000333650438,10.600000257529327,8.272328,8.854571,8.637261,8.907247
9.720000424166022,10.170000122315448,10.130000195588188,9.970000450260953,8.277191,8.857194,8.538179,8.971905
9.800000249065455,10.27000075387886,10.31999949212815,10.339999978400764,8.28268,8.864876,8.550498,8.966061
9.890000731346753,10.399999848105002,10.510000103546687,10.59000014454872,8.286539,8.958122,8.611477,9.00793
9.939999791690708,10.399999848105002,10.45000022188576,10.46000000498444,8.291034,8.935311,8.650104,9.004765
9.930000341898946,10.22000011831821,10.130000195588188,10.000000124610963,8.294611,8.894526,8.690658,9.038176
9.980000006037953,10.30000049565736,10.31000049801026,10.350000755973186,8.298946,8.911011,8.676675,9.0785885
10.040000327558811,10.390000360550758,10.459999873442936,10.520000682868083,8.303675,8.893269,8.690252,9.055117
10.110000098871438,10.479999585886269,10.580000294204082,10.649999493248744,8.307594,8.903036,8.716101,9.040842
10.000000113211572,10.03999974897353,9.790000208736974,9.489999679334453,8.311025,8.9198675,8.704271,9.082569
10.079999938111008,10.27000075387886,10.28999988001733,10.41000010467321,8.314272,8.882501,8.661888,9.005851
10.13000020604506,10.3700001063265,10.45000022188576,10.54000024423749,8.317403,8.872437,8.673424,8.977923
9.8400004634127,9.420000182273998,8.819999820847794,8.199999725855879,8.319964,8.880446,8.670488,9.001327
9.609999834711106,8.870000226243603,8.210000037802759,7.780000297404835,8.321804,8.819233,8.513959,8.853152
9.210000106418876,7.889999920854711,6.90999997205883,6.250000290758917,8.323022,8.691104,8.409898,8.58416
9.040000403033195,7.770000314182812,7.199999728806295,7.130000264175245,8.323269,8.4642105,8.110502,8.084405
8.800000324539837,7.420000342163469,6.900000320501652,6.76000007144362,8.322563,8.204606,7.9277925,7.932199
8.960000578133759,8.310000143101076,8.649999827422187,9.310000304050751,8.321806,7.8986983,7.728035,7.7575355
9.12000022793263,8.999999960027631,9.630000524307832,10.209999838836486,8.321395,7.8288746,7.766401,8.199693
9.200000052832069,9.270000194265709,9.760000596626153,9.990000011630356,8.321255,7.9014983,8.082231,8.459251
9.320000092078743,9.609999399615036,10.079999965484438,10.27999996510893,8.320828,8.056519,8.2031975,8.651414
9.42000062794685,9.819999510738215,10.18999941980983,10.290000078089538,8.32103,8.260208,8.288736,8.779156
9.479999741877617,9.870000146298867,10.100000583477367,10.090000476844624,8.321581,8.41722,8.452074,8.883287
9.330000145665556,9.310000702714229,9.050000353373616,8.62999993187934,8.321723,8.570192,8.552955,9.001704
9.180000549453494,8.859999459573586,8.419999952335651,8.050000024922193,8.322164,8.628044,8.536399,8.904159
9.000000188685952,8.420000262218734,7.90999997205883,7.590000144548719,8.321447,8.579561,8.516145,8.840912
9.14000033510625,9.010000087139762,9.159999807699007,9.560000470198707,8.32087,8.491832,8.435639,8.634477
9.330000145665556,9.64000042050931,10.130000195588188,10.640000709451758,8.32034,8.447834,8.445836,8.719791
9.450000184912234,9.89999988807737,10.31000049801026,10.54000024423749,8.320257,8.503659,8.501573,8.852016
9.590000331332533,10.170000122315448,10.560000333650438,10.720000284113,8.320205,8.564121,8.528286,8.950734
9.300000588700172,9.130000333369548,8.630000524307832,7.909999772377304,8.320585,8.588127,8.606759,8.94246
9.440000131325425,9.600000551618676,9.660000136418653,9.859999872066076,8.32046,8.548027,8.43294,8.64615
9.460000238499044,9.63000029339718,9.680000754411582,9.749999958463013,8.320295,8.597,8.443009,8.74653
9.580000277745722,9.92000014230163,10.140000504584654,10.339999978400764,8.320712,8.641988,8.467737,8.833386
9.600000384919344,9.880000273410996,9.970000511159046,9.960000337280343,8.3206005,8.699871,8.542453,8.988091
9.71000037057921,10.130000253424813,10.34000011012108,10.479999566353843,8.320847,8.70792,8.609238,8.999049
9.810000906447316,10.30000049565736,10.520000412543151,10.62999993187934,8.320589,8.75984,8.662082,9.061131
9.859999966791271,10.30000049565736,10.409999643339187,10.399999991692605,8.320539,8.839457,8.701544,9.009718
9.939999791690708,10.42000010232926,10.550000024653974,10.609999705918124,8.32049,8.887534,8.673771,8.972887
9.970000556246188,10.350000491660126,10.380000031228366,10.31999975243955,8.320588,8.934862,8.651285,9.0115185
9.980000006037953,10.279999601875216,10.23999964991358,10.170000051505866,8.321261,8.96972,8.658912,8.960509
10.000000113211572,10.249999860096713,10.220000346799225,10.18999961287527,8.321549,8.951869,8.629509,9.018821
10.040000327558811,10.30000049565736,10.31000049801026,10.339999978400764,8.322702,8.942929,8.628853,8.995842
10.069999884524195,10.30000049565736,10.300000189013796,10.310000304050751,8.32324,8.945603,8.669573,9.066907
10.110000098871438,10.359999979214368,10.399999991782009,10.439999779023225,8.324236,8.923001,8.691264,9.037348
9.960000502659378,9.830000277408232,9.50000045198951,9.149999825544649,8.325164,8.879596,8.700996,9.069877
9.500000452846288,8.5,7.45000022188576,6.530000131256883,8.325924,8.817023,8.646004,8.956114
9.170000495866685,7.810000183073445,6.830000129844259,6.300000191070145,8.326055,8.678149,8.376094,8.504861
9.300000588700172,8.590000504451282,8.609999906314902,9.170000051505866,8.325322,8.457221,8.124208,7.912249
9.440000131325425,9.220000198262944,9.660000136418653,10.24000017777831,8.324996,8.374889,8.066795,8.126788
9.590000331332533,9.76000002718121,10.329999801124616,10.77000084901604,8.324563,8.385263,8.128983,8.602767
9.650000049058349,9.890000400523126,10.26000026790651,10.37000031734259,8.325216,8.396786,8.293937,8.84838
9.739999927544597,10.069999490752034,10.380000031228366,10.46000000498444,8.325447,8.474828,8.4297,8.936608
9.830000409825889,10.25999998720884,10.540000373096795,10.62999993187934,8.325783,8.576773,8.559125,8.926159
9.810000906447316,10.060000642755677,10.069999656487973,9.909999772377304,8.32582,8.685654,8.633319,8.978939
9.800000249065455,9.949999884080134,9.890000668944475,9.76000007144362,8.326701,8.768253,8.595762,9.018014
9.920000288312137,10.27000075387886,10.439999912889297,10.62999993187934,8.327498,8.812448,8.637569,9.015953
10.030000273972004,10.4899997129984,10.720000675518868,10.8900002110079,8.328403,8.867528,8.719028,9.108106
9.680000813613828,9.289999808932082,8.609999906314902,7.820000084735456,8.329197,8.914866,8.757676,9.133453
9.749999981131404,9.62000016628505,9.510000103546687,9.619999818898732,8.329129,8.8481655,8.635689,8.9168625
9.770000692100076,9.739999772956953,9.750000287629687,9.8900002110079,8.329362,8.777988,8.595137,8.87901
9.800000249065455,9.819999510738215,9.88000035994801,9.970000450260953,8.329645,8.733428,8.598612,8.808126
9.920000288312137,10.170000122315448,10.439999912889297,10.689999945171175,8.329599,8.698133,8.539746,8.850521
9.739999927544597,9.579999657836533,9.31999949212815,8.950000224299735,8.330407,8.685859,8.54751,8.973586
9.770000692100076,9.710000031178447,9.660000136418653,9.68000049678238,8.331042,8.676099,8.500519,8.840011
9.890000731346753,10.09000038453418,10.329999801124616,10.609999705918124,8.330953,8.704097,8.531494,8.760747
9.99000005962476,10.340000364547995,10.609999906314902,10.81000063634666,8.331301,8.727801,8.541031,8.922921
10.110000098871438,10.60000047167394,10.90999997205883,11.080000363864016,8.331428,8.778172,8.603343,9.074505
10.220000688326357,10.780000201460734,11.050000353373616,11.170000716097675,8.332139,8.8474245,8.708139,9.129722
10.310001170607649,10.87000006635413,11.080000622923723,11.120000151194636,8.332568,8.896892,8.765764,9.16999
10.200000581152734,10.3700001063265,10.140000504584654,9.779999632813023,8.332856,8.999665,8.813932,9.124169
9.870000020378082,9.329999677822714,8.520000412543153,7.76000007144362,8.3328495,9.035512,8.74013,9.050405
9.680000813613828,8.930000349358496,8.26000026790651,7.929999998338521,8.332899,8.936127,8.545092,8.779122
9.830000409825889,9.609999399615036,9.729999669636758,10.220000616408903,8.332653,8.829051,8.41273,8.554986
9.939999791690708,9.999999880082896,10.31000049801026,10.700000058151783,8.332223,8.76812,8.45704,8.80502
10.090000595492866,10.42000010232926,10.85999974195508,11.18999961287527,8.332429,8.716788,8.520744,8.960237
10.229999534323069,10.739999693012214,11.180001083131224,11.4099994400814,8.332831,8.718494,8.6381855,9.059903
10.340000123777983,10.909999295686877,11.240000307352869,11.329999865420158,8.333893,8.787846,8.69397,9.084455
10.330000070191174,10.729999565900084,10.770000905622618,10.609999705918124,8.334745,8.883957,8.745419,9.111431
10.400000445298849,10.810000582797125,10.88000035994801,10.880000098027292,8.335664,8.925337,8.744055,9.086196
9.99000005962476,9.46000005116463,8.590000603200545,7.670000383801771,8.336886,8.977197,8.719004,9.158044
10.12000015245825,10.010000007195028,9.949999893166115,10.209999838836486,8.337254,8.920345,8.644426,8.93287
10.23999958790988,10.399999848105002,10.620000215311366,10.970000450260953,8.337448,8.913794,8.69012,8.959251
10.310001170607649,10.58000021744968,10.810000826729905,10.990000011630356,8.3377905,8.936312,8.690125,9.071683
10.260000902673596,10.340000364547995,10.31000049801026,10.159999938525257,8.338226,8.938394,8.727915,9.103996
10.060000434732435,9.699999904066315,9.249999958910044,8.790000410385444,8.338537,8.927438,8.699417,9.081666
10.01000077059343,9.670000162287812,9.430000261332117,9.35999953977017,8.3388605,8.853191,8.586699,8.832661
9.94999984527752,9.590000424506549,9.409999643339187,9.390000543303806,8.338151,8.779671,8.572408,8.707255
9.94999984527752,9.710000031178447,9.710000366522404,9.820000084735456,8.338246,8.720738,8.44339,8.751749
10.069999884524195,10.130000253424813,10.399999991782009,10.710000171132393,8.3386,8.687135,8.419821,8.833735
10.100000649079677,10.20999999120608,10.399999991782009,10.489999679334453,8.33913,8.749877,8.560372,8.944003
10.13000020604506,10.27000075387886,10.399999991782009,10.430000330634426,8.3391695,8.756603,8.598877,9.05294
10.040000327558811,9.949999884080134,9.80000051773344,9.569999918587504,8.339424,8.761917,8.659181,9.0353
10.069999884524195,10.050000515643546,10.050000353373616,10.080000363864016,8.339403,8.7595215,8.627112,9.009212
9.99000005962476,9.830000277408232,9.680000754411582,9.530000131256882,8.339405,8.78708,8.64396,8.972427
9.910000234725326,9.64000042050931,9.439999912889297,9.300000191070144,8.339239,8.8054,8.630963,8.8844795
9.790000195478648,9.359999419601218,9.069999656487973,8.880000098027292,8.338639,8.777205,8.560518,8.8332815
9.870000020378082,9.72999964584482,9.83000012984426,10.080000363864016,8.338644,8.727249,8.433043,8.775333
10.01000077059343,10.199999864093948,10.569999985207616,10.939999446727317,8.33848,8.725886,8.509233,8.849236
10.079999938111008,10.350000491660126,10.630000524307832,10.77000084901604,8.338495,8.77426,8.572894,8.968018
10.210000634739544,10.670000082343078,11.020000741262796,11.209999838836486,8.338253,8.783887,8.628385,9.070367
10.229999534323069,10.590000344561812,10.710000366522404,10.640000709451758,8.3386135,8.779013,8.728714,9.13323
10.360000230951606,10.859999939242,11.09999992603808,11.2399995131865,8.339084,8.840419,8.734394,9.11561
10.46000076681971,11.020000693920307,11.249999958910044,11.350000091381371,8.339796,8.923688,8.778085,9.137112
10.520001088340576,11.020000693920307,11.130000195588188,11.110000038214029,8.340447,9.015109,8.816251,9.163195
10.489999719990047,10.770000074348603,10.660000136418653,10.470000117965046,8.341222,9.075833,8.807689,9.214186
10.310001170607649,10.149999868091186,9.680000754411582,9.229999400205893,8.341927,9.06312,8.821095,9.157081
10.260000902673596,10.03999974897353,9.739999978633223,9.62999993187934,8.341995,9.02503,8.746998,9.08937
10.330000070191174,10.330000237435865,10.3699997222319,10.59000014454872,8.341936,8.981455,8.7023325,8.98873
10.410000498885658,10.560000602783308,10.739999978633223,10.950000224299735,8.341946,8.945496,8.716993,9.001043
10.470000820406522,10.689999697009451,10.870000050951544,10.97999989864975,8.341989,8.939615,8.700802,9.050512
10.489999719990047,10.699999824121582,10.779999899740508,10.790000410385444,8.342578,8.950718,8.70078,9.054339
10.510001034753763,10.699999824121582,10.739999978633223,10.729999732501796,8.342944,8.962357,8.695576,9.083595
10.43000060605928,10.399999848105002,10.220000346799225,10.010000237591573,8.34356,8.972306,8.699904,9.060058
10.46000076681971,10.4899997129984,10.459999873442936,10.489999679334453,8.343725,8.96139,8.681882,9.033068
10.510001034753763,10.640000340564574,10.729999669636758,10.85000042367728,8.344074,8.961196,8.689499,9.073493
10.529999934337289,10.659999955230948,10.720000675518868,10.739999845482403,8.3444395,8.971826,8.738781,9.121909
10.520001088340576,10.58000021744968,10.560000333650438,10.50000045690687,8.344801,8.970623,8.764573,9.140926
10.090000595492866,9.270000194265709,8.380000031228366,7.489999679334451,8.345229,8.979213,8.74782,9.115379
10.050000381145624,9.399999928049738,9.040000044377152,9.039999911941583,8.344849,8.898991,8.584808,8.807324
10.12000015245825,9.819999510738215,9.920000281055296,10.270000516720131,8.344413,8.813761,8.505637,8.660714
9.939999791690708,9.359999419601218,9.109999577595255,8.8900002110079,8.344191,8.764094,8.496955,8.782849
9.930000341898946,9.489999792943134,9.45000022188576,9.530000131256882,8.343674,8.666605,8.399184,8.751301
9.71000037057921,8.989999832915503,8.630000524307832,8.31999975243955,8.343491,8.596975,8.398169,8.798831
9.520000560019907,8.630000373341916,8.210000037802759,7.960000337280344,8.3430805,8.483756,8.339253,8.620132
9.460000238499044,8.710000111123183,8.560000333650438,8.619999818898732,8.341818,8.37255,8.265399,8.360312
9.279999877731504,8.410000135106603,8.130000195588188,7.969999785669141,8.340972,8.272263,8.155683,8.461091
9.289999931318311,8.680000369344679,8.710000366522403,8.899999659396697,8.3399725,8.136884,8.068542,8.4381485
9.390000467186418,9.160000075148051,9.510000103546687,9.880000098027292,8.338878,8.1299305,8.186467,8.493878
8.710000446053591,7.1899999768160265,6.050000353373616,4.780000297404835,8.337875,8.145402,8.296432,8.694534
8.460000313973426,6.900000127911578,6.130000195588188,5.780000297404835,8.33547,7.929602,7.915141,7.906886
8.300000664174553,6.900000127911578,6.510000103546688,6.559999805606895,8.332813,7.7041655,7.635369,7.443905
